Temperature,Pressure,Density,Volume,Internal Energy,Enthalpy,Entropy,Cv,Cp,,,,,,,,,,,,,,,,,,,,,,,,,,,,,,Cp (v, J/g*K),Sound Spd. (v, m/s),Joule-Thomson (v, K/MPa),Viscosity (v, uPa*s),Therm. Cond. (v, W/m*K)
216.59,0.51795,1178.5,0.00084856,79.595,80.034,0.52131,0.97466,1.9532,,,,,,,,,,,,,,,,,,,,,,,,,,,,,,,,,,,,,,,
217.09,0.52938,1176.7,0.00084986,80.571,81.021,0.52582,0.97394,1.9544,,,,,,,,,,,,,,,,,,,,,,,,,,,,,,,,,,,,,,,
217.59,0.54081,1174.9,0.00085115,81.532,81.992,0.53024,0.97323,1.9556,,,,,,,,,,,,,,,,,,,,,,,,,,,,,,,,,,,,,,,
218.08,0.55225,1173.1,0.00085243,82.478,82.949,0.53459,0.97253,1.9568,,,,,,,,,,,,,,,,,,,,,,,,,,,,,,,,,,,,,,,
218.56,0.56368,1171.4,0.00085369,83.41,83.891,0.53886,0.97185,1.958,,,,,,,,,,,,,,,,,,,,,,,,,,,,,,,,,,,,,,,
219.03,0.57511,1169.7,0.00085494,84.328,84.82,0.54306,0.97119,1.9592,,,,,,,,,,,,,,,,,,,,,,,,,,,,,,,,,,,,,,,
219.5,0.58654,1168,0.00085618,85.233,85.735,0.54719,0.97053,1.9604,,,,,,,,,,,,,,,,,,,,,,,,,,,,,,,,,,,,,,,
219.95,0.59798,1166.3,0.00085741,86.125,86.638,0.55125,0.96989,1.9617,,,,,,,,,,,,,,,,,,,,,,,,,,,,,,,,,,,,,,,
220.41,0.60941,1164.7,0.00085862,87.005,87.528,0.55525,0.96926,1.9629,,,,,,,,,,,,,,,,,,,,,,,,,,,,,,,,,,,,,,,
220.85,0.62084,1163,0.00085983,87.872,88.406,0.55919,0.96864,1.9642,,,,,,,,,,,,,,,,,,,,,,,,,,,,,,,,,,,,,,,
221.29,0.63227,1161.4,0.00086102,88.729,89.273,0.56307,0.96804,1.9655,,,,,,,,,,,,,,,,,,,,,,,,,,,,,,,,,,,,,,,
221.73,0.6437,1159.8,0.0008622,89.574,90.129,0.56688,0.96744,1.9667,,,,,,,,,,,,,,,,,,,,,,,,,,,,,,,,,,,,,,,
222.15,0.65514,1158.2,0.00086338,90.408,90.974,0.57065,0.96686,1.968,,,,,,,,,,,,,,,,,,,,,,,,,,,,,,,,,,,,,,,
222.58,0.66657,1156.7,0.00086454,91.232,91.808,0.57436,0.96628,1.9693,,,,,,,,,,,,,,,,,,,,,,,,,,,,,,,,,,,,,,,
222.99,0.678,1155.1,0.00086569,92.045,92.632,0.57801,0.96572,1.9707,,,,,,,,,,,,,,,,,,,,,,,,,,,,,,,,,,,,,,,
223.4,0.68943,1153.6,0.00086684,92.849,93.447,0.58162,0.96517,1.972,,,,,,,,,,,,,,,,,,,,,,,,,,,,,,,,,,,,,,,
223.81,0.70087,1152.1,0.00086798,93.643,94.252,0.58517,0.96462,1.9733,,,,,,,,,,,,,,,,,,,,,,,,,,,,,,,,,,,,,,,
224.21,0.7123,1150.6,0.00086911,94.428,95.047,0.58868,0.96408,1.9747,,,,,,,,,,,,,,,,,,,,,,,,,,,,,,,,,,,,,,,
224.61,0.72373,1149.1,0.00087023,95.204,95.834,0.59214,0.96356,1.976,,,,,,,,,,,,,,,,,,,,,,,,,,,,,,,,,,,,,,,
225,0.73516,1147.7,0.00087134,95.972,96.612,0.59556,0.96304,1.9774,,,,,,,,,,,,,,,,,,,,,,,,,,,,,,,,,,,,,,,
225.39,0.74659,1146.2,0.00087244,96.73,97.382,0.59893,0.96253,1.9787,,,,,,,,,,,,,,,,,,,,,,,,,,,,,,,,,,,,,,,
225.77,0.75803,1144.8,0.00087354,97.481,98.143,0.60226,0.96203,1.9801,,,,,,,,,,,,,,,,,,,,,,,,,,,,,,,,,,,,,,,
226.15,0.76946,1143.3,0.00087463,98.223,98.896,0.60555,0.96154,1.9815,,,,,,,,,,,,,,,,,,,,,,,,,,,,,,,,,,,,,,,
226.53,0.78089,1141.9,0.00087571,98.958,99.642,0.6088,0.96105,1.9829,,,,,,,,,,,,,,,,,,,,,,,,,,,,,,,,,,,,,,,
226.9,0.79232,1140.5,0.00087679,99.685,100.38,0.61201,0.96057,1.9843,,,,,,,,,,,,,,,,,,,,,,,,,,,,,,,,,,,,,,,
227.27,0.80376,1139.1,0.00087786,100.4,101.11,0.61518,0.9601,1.9857,,,,,,,,,,,,,,,,,,,,,,,,,,,,,,,,,,,,,,,
227.63,0.81519,1137.8,0.00087892,101.12,101.83,0.61832,0.95964,1.9871,,,,,,,,,,,,,,,,,,,,,,,,,,,,,,,,,,,,,,,
227.99,0.82662,1136.4,0.00087998,101.82,102.55,0.62142,0.95918,1.9886,,,,,,,,,,,,,,,,,,,,,,,,,,,,,,,,,,,,,,,
228.34,0.83805,1135,0.00088103,102.52,103.26,0.62448,0.95873,1.99,,,,,,,,,,,,,,,,,,,,,,,,,,,,,,,,,,,,,,,
228.69,0.84949,1133.7,0.00088207,103.21,103.96,0.62751,0.95829,1.9914,,,,,,,,,,,,,,,,,,,,,,,,,,,,,,,,,,,,,,,
229.04,0.86092,1132.4,0.00088311,103.9,104.66,0.63051,0.95786,1.9929,,,,,,,,,,,,,,,,,,,,,,,,,,,,,,,,,,,,,,,
229.39,0.87235,1131,0.00088414,104.58,105.35,0.63347,0.95743,1.9943,,,,,,,,,,,,,,,,,,,,,,,,,,,,,,,,,,,,,,,
229.73,0.88378,1129.7,0.00088517,105.25,106.03,0.63641,0.957,1.9958,,,,,,,,,,,,,,,,,,,,,,,,,,,,,,,,,,,,,,,
230.07,0.89521,1128.4,0.00088619,105.91,106.71,0.63931,0.95659,1.9973,,,,,,,,,,,,,,,,,,,,,,,,,,,,,,,,,,,,,,,
230.4,0.90665,1127.1,0.00088721,106.58,107.38,0.64218,0.95618,1.9987,,,,,,,,,,,,,,,,,,,,,,,,,,,,,,,,,,,,,,,
230.74,0.91808,1125.8,0.00088822,107.23,108.05,0.64503,0.95577,2.0002,,,,,,,,,,,,,,,,,,,,,,,,,,,,,,,,,,,,,,,
231.06,0.92951,1124.6,0.00088923,107.88,108.71,0.64784,0.95537,2.0017,,,,,,,,,,,,,,,,,,,,,,,,,,,,,,,,,,,,,,,
231.39,0.94094,1123.3,0.00089023,108.52,109.36,0.65063,0.95498,2.0032,,,,,,,,,,,,,,,,,,,,,,,,,,,,,,,,,,,,,,,
231.71,0.95238,1122,0.00089123,109.16,110.01,0.65339,0.95459,2.0047,,,,,,,,,,,,,,,,,,,,,,,,,,,,,,,,,,,,,,,
232.03,0.96381,1120.8,0.00089222,109.79,110.65,0.65612,0.95421,2.0062,,,,,,,,,,,,,,,,,,,,,,,,,,,,,,,,,,,,,,,
232.35,0.97524,1119.6,0.00089321,110.42,111.29,0.65883,0.95383,2.0077,,,,,,,,,,,,,,,,,,,,,,,,,,,,,,,,,,,,,,,
232.66,0.98667,1118.3,0.00089419,111.04,111.92,0.66151,0.95346,2.0093,,,,,,,,,,,,,,,,,,,,,,,,,,,,,,,,,,,,,,,
232.98,0.9981,1117.1,0.00089517,111.66,112.55,0.66416,0.95309,2.0108,,,,,,,,,,,,,,,,,,,,,,,,,,,,,,,,,,,,,,,
233.29,1.0095,1115.9,0.00089615,112.27,113.18,0.66679,0.95273,2.0123,,,,,,,,,,,,,,,,,,,,,,,,,,,,,,,,,,,,,,,
233.59,1.021,1114.7,0.00089712,112.88,113.8,0.6694,0.95237,2.0139,,,,,,,,,,,,,,,,,,,,,,,,,,,,,,,,,,,,,,,
233.9,1.0324,1113.5,0.00089808,113.48,114.41,0.67198,0.95202,2.0154,,,,,,,,,,,,,,,,,,,,,,,,,,,,,,,,,,,,,,,
234.2,1.0438,1112.3,0.00089905,114.08,115.02,0.67455,0.95167,2.017,,,,,,,,,,,,,,,,,,,,,,,,,,,,,,,,,,,,,,,
234.5,1.0553,1111.1,0.0009,114.68,115.63,0.67708,0.95133,2.0186,,,,,,,,,,,,,,,,,,,,,,,,,,,,,,,,,,,,,,,
234.79,1.0667,1109.9,0.00090096,115.26,116.23,0.6796,0.95099,2.0201,,,,,,,,,,,,,,,,,,,,,,,,,,,,,,,,,,,,,,,
235.09,1.0781,1108.8,0.00090191,115.85,116.82,0.6821,0.95066,2.0217,,,,,,,,,,,,,,,,,,,,,,,,,,,,,,,,,,,,,,,
235.38,1.0896,1107.6,0.00090286,116.43,117.41,0.68457,0.95033,2.0233,,,,,,,,,,,,,,,,,,,,,,,,,,,,,,,,,,,,,,,
235.67,1.101,1106.4,0.0009038,117.01,118,0.68702,0.95,2.0249,,,,,,,,,,,,,,,,,,,,,,,,,,,,,,,,,,,,,,,
235.96,1.1124,1105.3,0.00090474,117.58,118.59,0.68945,0.94968,2.0265,,,,,,,,,,,,,,,,,,,,,,,,,,,,,,,,,,,,,,,
236.24,1.1239,1104.1,0.00090568,118.15,119.17,0.69187,0.94936,2.0281,,,,,,,,,,,,,,,,,,,,,,,,,,,,,,,,,,,,,,,
236.53,1.1353,1103,0.00090662,118.71,119.74,0.69426,0.94905,2.0297,,,,,,,,,,,,,,,,,,,,,,,,,,,,,,,,,,,,,,,
236.81,1.1467,1101.9,0.00090755,119.27,120.31,0.69663,0.94874,2.0313,,,,,,,,,,,,,,,,,,,,,,,,,,,,,,,,,,,,,,,
237.09,1.1582,1100.7,0.00090848,119.83,120.88,0.69899,0.94843,2.0329,,,,,,,,,,,,,,,,,,,,,,,,,,,,,,,,,,,,,,,
237.37,1.1696,1099.6,0.0009094,120.38,121.45,0.70133,0.94813,2.0346,,,,,,,,,,,,,,,,,,,,,,,,,,,,,,,,,,,,,,,
237.64,1.181,1098.5,0.00091032,120.93,122.01,0.70364,0.94784,2.0362,,,,,,,,,,,,,,,,,,,,,,,,,,,,,,,,,,,,,,,
237.91,1.1925,1097.4,0.00091124,121.48,122.57,0.70595,0.94754,2.0378,,,,,,,,,,,,,,,,,,,,,,,,,,,,,,,,,,,,,,,
238.18,1.2039,1096.3,0.00091216,122.02,123.12,0.70823,0.94725,2.0395,,,,,,,,,,,,,,,,,,,,,,,,,,,,,,,,,,,,,,,
238.45,1.2153,1095.2,0.00091307,122.56,123.67,0.71049,0.94697,2.0411,,,,,,,,,,,,,,,,,,,,,,,,,,,,,,,,,,,,,,,
238.72,1.2267,1094.1,0.00091398,123.1,124.22,0.71274,0.94668,2.0428,,,,,,,,,,,,,,,,,,,,,,,,,,,,,,,,,,,,,,,
238.99,1.2382,1093,0.00091489,123.63,124.76,0.71498,0.9464,2.0445,,,,,,,,,,,,,,,,,,,,,,,,,,,,,,,,,,,,,,,
239.25,1.2496,1091.9,0.0009158,124.16,125.3,0.71719,0.94613,2.0461,,,,,,,,,,,,,,,,,,,,,,,,,,,,,,,,,,,,,,,
239.51,1.261,1090.9,0.0009167,124.68,125.84,0.71939,0.94586,2.0478,,,,,,,,,,,,,,,,,,,,,,,,,,,,,,,,,,,,,,,
239.77,1.2725,1089.8,0.0009176,125.21,126.37,0.72158,0.94559,2.0495,,,,,,,,,,,,,,,,,,,,,,,,,,,,,,,,,,,,,,,
240.03,1.2839,1088.7,0.0009185,125.73,126.9,0.72375,0.94532,2.0512,,,,,,,,,,,,,,,,,,,,,,,,,,,,,,,,,,,,,,,
240.29,1.2953,1087.7,0.00091939,126.24,127.43,0.7259,0.94506,2.0529,,,,,,,,,,,,,,,,,,,,,,,,,,,,,,,,,,,,,,,
240.54,1.3068,1086.6,0.00092028,126.75,127.96,0.72804,0.9448,2.0546,,,,,,,,,,,,,,,,,,,,,,,,,,,,,,,,,,,,,,,
240.8,1.3182,1085.6,0.00092117,127.26,128.48,0.73017,0.94454,2.0563,,,,,,,,,,,,,,,,,,,,,,,,,,,,,,,,,,,,,,,
241.05,1.3296,1084.5,0.00092206,127.77,129,0.73228,0.94429,2.058,,,,,,,,,,,,,,,,,,,,,,,,,,,,,,,,,,,,,,,
241.3,1.3411,1083.5,0.00092295,128.28,129.51,0.73437,0.94404,2.0598,,,,,,,,,,,,,,,,,,,,,,,,,,,,,,,,,,,,,,,
241.55,1.3525,1082.4,0.00092383,128.78,130.03,0.73645,0.94379,2.0615,,,,,,,,,,,,,,,,,,,,,,,,,,,,,,,,,,,,,,,
241.8,1.3639,1081.4,0.00092471,129.28,130.54,0.73852,0.94355,2.0632,,,,,,,,,,,,,,,,,,,,,,,,,,,,,,,,,,,,,,,
242.04,1.3754,1080.4,0.00092559,129.77,131.04,0.74058,0.94331,2.065,,,,,,,,,,,,,,,,,,,,,,,,,,,,,,,,,,,,,,,
242.29,1.3868,1079.4,0.00092647,130.27,131.55,0.74262,0.94307,2.0667,,,,,,,,,,,,,,,,,,,,,,,,,,,,,,,,,,,,,,,
242.53,1.3982,1078.3,0.00092735,130.76,132.05,0.74465,0.94284,2.0685,,,,,,,,,,,,,,,,,,,,,,,,,,,,,,,,,,,,,,,
242.77,1.4097,1077.3,0.00092822,131.24,132.55,0.74666,0.94261,2.0703,,,,,,,,,,,,,,,,,,,,,,,,,,,,,,,,,,,,,,,
243.01,1.4211,1076.3,0.00092909,131.73,133.05,0.74866,0.94238,2.072,,,,,,,,,,,,,,,,,,,,,,,,,,,,,,,,,,,,,,,
243.25,1.4325,1075.3,0.00092996,132.21,133.54,0.75065,0.94215,2.0738,,,,,,,,,,,,,,,,,,,,,,,,,,,,,,,,,,,,,,,
243.49,1.444,1074.3,0.00093083,132.69,134.04,0.75263,0.94193,2.0756,,,,,,,,,,,,,,,,,,,,,,,,,,,,,,,,,,,,,,,
243.72,1.4554,1073.3,0.0009317,133.17,134.52,0.7546,0.94171,2.0774,,,,,,,,,,,,,,,,,,,,,,,,,,,,,,,,,,,,,,,
243.96,1.4668,1072.3,0.00093256,133.64,135.01,0.75655,0.94149,2.0792,,,,,,,,,,,,,,,,,,,,,,,,,,,,,,,,,,,,,,,
244.19,1.4783,1071.3,0.00093342,134.12,135.5,0.75849,0.94127,2.081,,,,,,,,,,,,,,,,,,,,,,,,,,,,,,,,,,,,,,,
244.42,1.4897,1070.3,0.00093428,134.59,135.98,0.76042,0.94106,2.0828,,,,,,,,,,,,,,,,,,,,,,,,,,,,,,,,,,,,,,,
244.65,1.5011,1069.4,0.00093514,135.05,136.46,0.76234,0.94085,2.0846,,,,,,,,,,,,,,,,,,,,,,,,,,,,,,,,,,,,,,,
244.88,1.5126,1068.4,0.000936,135.52,136.94,0.76425,0.94064,2.0864,,,,,,,,,,,,,,,,,,,,,,,,,,,,,,,,,,,,,,,
245.11,1.524,1067.4,0.00093686,135.98,137.41,0.76615,0.94044,2.0883,,,,,,,,,,,,,,,,,,,,,,,,,,,,,,,,,,,,,,,
245.34,1.5354,1066.4,0.00093771,136.44,137.88,0.76803,0.94024,2.0901,,,,,,,,,,,,,,,,,,,,,,,,,,,,,,,,,,,,,,,
245.56,1.5469,1065.5,0.00093857,136.9,138.36,0.76991,0.94004,2.092,,,,,,,,,,,,,,,,,,,,,,,,,,,,,,,,,,,,,,,
245.78,1.5583,1064.5,0.00093942,137.36,138.82,0.77177,0.93984,2.0938,,,,,,,,,,,,,,,,,,,,,,,,,,,,,,,,,,,,,,,
246.01,1.5697,1063.5,0.00094027,137.81,139.29,0.77362,0.93964,2.0957,,,,,,,,,,,,,,,,,,,,,,,,,,,,,,,,,,,,,,,
246.23,1.5811,1062.6,0.00094112,138.27,139.76,0.77547,0.93945,2.0975,,,,,,,,,,,,,,,,,,,,,,,,,,,,,,,,,,,,,,,
246.45,1.5926,1061.6,0.00094196,138.72,140.22,0.7773,0.93926,2.0994,,,,,,,,,,,,,,,,,,,,,,,,,,,,,,,,,,,,,,,
246.67,1.604,1060.7,0.00094281,139.17,140.68,0.77912,0.93908,2.1013,,,,,,,,,,,,,,,,,,,,,,,,,,,,,,,,,,,,,,,
246.89,1.6154,1059.7,0.00094365,139.61,141.14,0.78094,0.93889,2.1032,,,,,,,,,,,,,,,,,,,,,,,,,,,,,,,,,,,,,,,
247.1,1.6269,1058.8,0.0009445,140.06,141.59,0.78274,0.93871,2.1051,,,,,,,,,,,,,,,,,,,,,,,,,,,,,,,,,,,,,,,
247.32,1.6383,1057.8,0.00094534,140.5,142.05,0.78453,0.93853,2.107,,,,,,,,,,,,,,,,,,,,,,,,,,,,,,,,,,,,,,,
247.54,1.6497,1056.9,0.00094618,140.94,142.5,0.78632,0.93835,2.1089,,,,,,,,,,,,,,,,,,,,,,,,,,,,,,,,,,,,,,,
247.75,1.6612,1055.9,0.00094702,141.38,142.95,0.78809,0.93818,2.1108,,,,,,,,,,,,,,,,,,,,,,,,,,,,,,,,,,,,,,,
247.96,1.6726,1055,0.00094786,141.81,143.4,0.78986,0.938,2.1127,,,,,,,,,,,,,,,,,,,,,,,,,,,,,,,,,,,,,,,
248.17,1.684,1054.1,0.0009487,142.25,143.84,0.79161,0.93783,2.1147,,,,,,,,,,,,,,,,,,,,,,,,,,,,,,,,,,,,,,,
248.38,1.6955,1053.1,0.00094953,142.68,144.29,0.79336,0.93767,2.1166,,,,,,,,,,,,,,,,,,,,,,,,,,,,,,,,,,,,,,,
248.59,1.7069,1052.2,0.00095037,143.11,144.73,0.7951,0.9375,2.1186,,,,,,,,,,,,,,,,,,,,,,,,,,,,,,,,,,,,,,,
248.8,1.7183,1051.3,0.0009512,143.54,145.17,0.79683,0.93734,2.1205,,,,,,,,,,,,,,,,,,,,,,,,,,,,,,,,,,,,,,,
249.01,1.7298,1050.4,0.00095203,143.96,145.61,0.79855,0.93718,2.1225,,,,,,,,,,,,,,,,,,,,,,,,,,,,,,,,,,,,,,,
249.22,1.7412,1049.5,0.00095287,144.39,146.05,0.80026,0.93702,2.1244,,,,,,,,,,,,,,,,,,,,,,,,,,,,,,,,,,,,,,,
249.42,1.7526,1048.6,0.0009537,144.81,146.48,0.80196,0.93686,2.1264,,,,,,,,,,,,,,,,,,,,,,,,,,,,,,,,,,,,,,,
249.63,1.7641,1047.6,0.00095453,145.23,146.92,0.80366,0.93671,2.1284,,,,,,,,,,,,,,,,,,,,,,,,,,,,,,,,,,,,,,,
249.83,1.7755,1046.7,0.00095536,145.65,147.35,0.80535,0.93656,2.1304,,,,,,,,,,,,,,,,,,,,,,,,,,,,,,,,,,,,,,,
250.03,1.7869,1045.8,0.00095618,146.07,147.78,0.80703,0.93641,2.1324,,,,,,,,,,,,,,,,,,,,,,,,,,,,,,,,,,,,,,,
250.24,1.7984,1044.9,0.00095701,146.49,148.21,0.8087,0.93626,2.1344,,,,,,,,,,,,,,,,,,,,,,,,,,,,,,,,,,,,,,,
250.44,1.8098,1044,0.00095784,146.9,148.64,0.81036,0.93612,2.1364,,,,,,,,,,,,,,,,,,,,,,,,,,,,,,,,,,,,,,,
250.64,1.8212,1043.1,0.00095866,147.32,149.06,0.81202,0.93598,2.1384,,,,,,,,,,,,,,,,,,,,,,,,,,,,,,,,,,,,,,,
250.83,1.8327,1042.2,0.00095949,147.73,149.49,0.81366,0.93584,2.1404,,,,,,,,,,,,,,,,,,,,,,,,,,,,,,,,,,,,,,,
251.03,1.8441,1041.3,0.00096031,148.14,149.91,0.8153,0.9357,2.1425,,,,,,,,,,,,,,,,,,,,,,,,,,,,,,,,,,,,,,,
251.23,1.8555,1040.4,0.00096114,148.55,150.33,0.81693,0.93557,2.1445,,,,,,,,,,,,,,,,,,,,,,,,,,,,,,,,,,,,,,,
251.43,1.867,1039.5,0.00096196,148.95,150.75,0.81856,0.93544,2.1466,,,,,,,,,,,,,,,,,,,,,,,,,,,,,,,,,,,,,,,
251.62,1.8784,1038.7,0.00096278,149.36,151.17,0.82018,0.93531,2.1486,,,,,,,,,,,,,,,,,,,,,,,,,,,,,,,,,,,,,,,
251.82,1.8898,1037.8,0.0009636,149.76,151.58,0.82179,0.93518,2.1507,,,,,,,,,,,,,,,,,,,,,,,,,,,,,,,,,,,,,,,
252.01,1.9013,1036.9,0.00096442,150.16,152,0.82339,0.93506,2.1528,,,,,,,,,,,,,,,,,,,,,,,,,,,,,,,,,,,,,,,
252.2,1.9127,1036,0.00096524,150.57,152.41,0.82498,0.93494,2.1548,,,,,,,,,,,,,,,,,,,,,,,,,,,,,,,,,,,,,,,
252.39,1.9241,1035.1,0.00096606,150.96,152.82,0.82657,0.93482,2.1569,,,,,,,,,,,,,,,,,,,,,,,,,,,,,,,,,,,,,,,
252.59,1.9355,1034.3,0.00096688,151.36,153.23,0.82815,0.9347,2.159,,,,,,,,,,,,,,,,,,,,,,,,,,,,,,,,,,,,,,,
252.78,1.947,1033.4,0.00096769,151.76,153.64,0.82973,0.93458,2.1611,,,,,,,,,,,,,,,,,,,,,,,,,,,,,,,,,,,,,,,
252.96,1.9584,1032.5,0.00096851,152.15,154.05,0.8313,0.93447,2.1632,,,,,,,,,,,,,,,,,,,,,,,,,,,,,,,,,,,,,,,
253.15,1.9698,1031.6,0.00096933,152.55,154.46,0.83286,0.93436,2.1654,,,,,,,,,,,,,,,,,,,,,,,,,,,,,,,,,,,,,,,
253.34,1.9813,1030.8,0.00097014,152.94,154.86,0.83441,0.93426,2.1675,,,,,,,,,,,,,,,,,,,,,,,,,,,,,,,,,,,,,,,
253.53,1.9927,1029.9,0.00097096,153.33,155.26,0.83596,0.93415,2.1696,,,,,,,,,,,,,,,,,,,,,,,,,,,,,,,,,,,,,,,
253.71,2.0041,1029,0.00097177,153.72,155.67,0.8375,0.93405,2.1718,,,,,,,,,,,,,,,,,,,,,,,,,,,,,,,,,,,,,,,
253.9,2.0156,1028.2,0.00097259,154.11,156.07,0.83903,0.93395,2.1739,,,,,,,,,,,,,,,,,,,,,,,,,,,,,,,,,,,,,,,
254.08,2.027,1027.3,0.0009734,154.49,156.47,0.84056,0.93386,2.1761,,,,,,,,,,,,,,,,,,,,,,,,,,,,,,,,,,,,,,,
254.27,2.0384,1026.5,0.00097421,154.88,156.86,0.84209,0.93376,2.1782,,,,,,,,,,,,,,,,,,,,,,,,,,,,,,,,,,,,,,,
254.45,2.0499,1025.6,0.00097503,155.26,157.26,0.8436,0.93367,2.1804,,,,,,,,,,,,,,,,,,,,,,,,,,,,,,,,,,,,,,,
254.63,2.0613,1024.8,0.00097584,155.64,157.66,0.84511,0.93358,2.1826,,,,,,,,,,,,,,,,,,,,,,,,,,,,,,,,,,,,,,,
254.82,2.0727,1023.9,0.00097665,156.03,158.05,0.84661,0.9335,2.1848,,,,,,,,,,,,,,,,,,,,,,,,,,,,,,,,,,,,,,,
255,2.0842,1023.1,0.00097746,156.41,158.44,0.84811,0.93342,2.187,,,,,,,,,,,,,,,,,,,,,,,,,,,,,,,,,,,,,,,
255.18,2.0956,1022.2,0.00097827,156.78,158.83,0.8496,0.93334,2.1892,,,,,,,,,,,,,,,,,,,,,,,,,,,,,,,,,,,,,,,
255.36,2.107,1021.4,0.00097909,157.16,159.23,0.85109,0.93326,2.1914,,,,,,,,,,,,,,,,,,,,,,,,,,,,,,,,,,,,,,,
255.54,2.1185,1020.5,0.0009799,157.54,159.61,0.85257,0.93318,2.1937,,,,,,,,,,,,,,,,,,,,,,,,,,,,,,,,,,,,,,,
255.71,2.1299,1019.7,0.00098071,157.91,160,0.85404,0.93311,2.1959,,,,,,,,,,,,,,,,,,,,,,,,,,,,,,,,,,,,,,,
255.89,2.1413,1018.8,0.00098152,158.29,160.39,0.85551,0.93304,2.1981,,,,,,,,,,,,,,,,,,,,,,,,,,,,,,,,,,,,,,,
256.07,2.1528,1018,0.00098233,158.66,160.77,0.85697,0.93298,2.2004,,,,,,,,,,,,,,,,,,,,,,,,,,,,,,,,,,,,,,,
256.24,2.1642,1017.2,0.00098313,159.03,161.16,0.85843,0.93291,2.2026,,,,,,,,,,,,,,,,,,,,,,,,,,,,,,,,,,,,,,,
256.42,2.1756,1016.3,0.00098394,159.4,161.54,0.85988,0.93285,2.2049,,,,,,,,,,,,,,,,,,,,,,,,,,,,,,,,,,,,,,,
256.59,2.1871,1015.5,0.00098475,159.77,161.92,0.86133,0.9328,2.2072,,,,,,,,,,,,,,,,,,,,,,,,,,,,,,,,,,,,,,,
256.77,2.1985,1014.7,0.00098556,160.14,162.31,0.86277,0.93274,2.2095,,,,,,,,,,,,,,,,,,,,,,,,,,,,,,,,,,,,,,,
256.94,2.2099,1013.8,0.00098637,160.51,162.69,0.8642,0.93269,2.2118,,,,,,,,,,,,,,,,,,,,,,,,,,,,,,,,,,,,,,,
257.11,2.2214,1013,0.00098718,160.87,163.06,0.86563,0.93264,2.2141,,,,,,,,,,,,,,,,,,,,,,,,,,,,,,,,,,,,,,,
257.29,2.2328,1012.2,0.00098798,161.24,163.44,0.86706,0.9326,2.2164,,,,,,,,,,,,,,,,,,,,,,,,,,,,,,,,,,,,,,,
257.46,2.2442,1011.3,0.00098879,161.6,163.82,0.86848,0.93255,2.2187,,,,,,,,,,,,,,,,,,,,,,,,,,,,,,,,,,,,,,,
257.63,2.2557,1010.5,0.0009896,161.96,164.19,0.86989,0.93251,2.221,,,,,,,,,,,,,,,,,,,,,,,,,,,,,,,,,,,,,,,
257.8,2.2671,1009.7,0.00099041,162.32,164.57,0.8713,0.93248,2.2234,,,,,,,,,,,,,,,,,,,,,,,,,,,,,,,,,,,,,,,
257.97,2.2785,1008.9,0.00099121,162.68,164.94,0.8727,0.93244,2.2257,,,,,,,,,,,,,,,,,,,,,,,,,,,,,,,,,,,,,,,
258.14,2.2899,1008,0.00099202,163.04,165.31,0.8741,0.93241,2.2281,,,,,,,,,,,,,,,,,,,,,,,,,,,,,,,,,,,,,,,
258.31,2.3014,1007.2,0.00099283,163.4,165.69,0.8755,0.93238,2.2305,,,,,,,,,,,,,,,,,,,,,,,,,,,,,,,,,,,,,,,
258.47,2.3128,1006.4,0.00099364,163.76,166.06,0.87689,0.93236,2.2328,,,,,,,,,,,,,,,,,,,,,,,,,,,,,,,,,,,,,,,
258.64,2.3242,1005.6,0.00099444,164.11,166.43,0.87827,0.93234,2.2352,,,,,,,,,,,,,,,,,,,,,,,,,,,,,,,,,,,,,,,
258.81,2.3357,1004.8,0.00099525,164.47,166.79,0.87965,0.93232,2.2376,,,,,,,,,,,,,,,,,,,,,,,,,,,,,,,,,,,,,,,
258.97,2.3471,1004,0.00099606,164.82,167.16,0.88103,0.9323,2.24,,,,,,,,,,,,,,,,,,,,,,,,,,,,,,,,,,,,,,,
259.14,2.3585,1003.1,0.00099686,165.18,167.53,0.8824,0.93229,2.2425,,,,,,,,,,,,,,,,,,,,,,,,,,,,,,,,,,,,,,,
259.3,2.37,1002.3,0.00099767,165.53,167.89,0.88376,0.93228,2.2449,,,,,,,,,,,,,,,,,,,,,,,,,,,,,,,,,,,,,,,
259.47,2.3814,1001.5,0.00099848,165.88,168.26,0.88512,0.93227,2.2473,,,,,,,,,,,,,,,,,,,,,,,,,,,,,,,,,,,,,,,
259.63,2.3928,1000.7,0.00099928,166.23,168.62,0.88648,0.93227,2.2498,,,,,,,,,,,,,,,,,,,,,,,,,,,,,,,,,,,,,,,
259.79,2.4043,999.91,0.0010001,166.58,168.98,0.88783,0.93227,2.2522,,,,,,,,,,,,,,,,,,,,,,,,,,,,,,,,,,,,,,,
259.96,2.4157,999.1,0.0010009,166.93,169.34,0.88918,0.93227,2.2547,,,,,,,,,,,,,,,,,,,,,,,,,,,,,,,,,,,,,,,
260.12,2.4271,998.3,0.0010017,167.27,169.7,0.89052,0.93228,2.2572,,,,,,,,,,,,,,,,,,,,,,,,,,,,,,,,,,,,,,,
260.28,2.4386,997.5,0.0010025,167.62,170.06,0.89186,0.93228,2.2596,,,,,,,,,,,,,,,,,,,,,,,,,,,,,,,,,,,,,,,
260.44,2.45,996.69,0.0010033,167.97,170.42,0.89319,0.9323,2.2621,,,,,,,,,,,,,,,,,,,,,,,,,,,,,,,,,,,,,,,
260.6,2.4614,995.89,0.0010041,168.31,170.78,0.89452,0.93231,2.2646,,,,,,,,,,,,,,,,,,,,,,,,,,,,,,,,,,,,,,,
260.76,2.4729,995.09,0.0010049,168.65,171.14,0.89585,0.93233,2.2672,,,,,,,,,,,,,,,,,,,,,,,,,,,,,,,,,,,,,,,
260.92,2.4843,994.29,0.0010057,169,171.49,0.89717,0.93235,2.2697,,,,,,,,,,,,,,,,,,,,,,,,,,,,,,,,,,,,,,,
261.08,2.4957,993.5,0.0010065,169.34,171.85,0.89848,0.93238,2.2722,,,,,,,,,,,,,,,,,,,,,,,,,,,,,,,,,,,,,,,
261.24,2.5072,992.7,0.0010074,169.68,172.2,0.8998,0.9324,2.2748,,,,,,,,,,,,,,,,,,,,,,,,,,,,,,,,,,,,,,,
261.39,2.5186,991.9,0.0010082,170.02,172.56,0.9011,0.93243,2.2773,,,,,,,,,,,,,,,,,,,,,,,,,,,,,,,,,,,,,,,
261.55,2.53,991.11,0.001009,170.36,172.91,0.90241,0.93247,2.2799,,,,,,,,,,,,,,,,,,,,,,,,,,,,,,,,,,,,,,,
261.71,2.5415,990.32,0.0010098,170.7,173.26,0.90371,0.9325,2.2825,,,,,,,,,,,,,,,,,,,,,,,,,,,,,,,,,,,,,,,
261.86,2.5529,989.52,0.0010106,171.03,173.61,0.90501,0.93254,2.2851,,,,,,,,,,,,,,,,,,,,,,,,,,,,,,,,,,,,,,,
262.02,2.5643,988.73,0.0010114,171.37,173.96,0.9063,0.93259,2.2877,,,,,,,,,,,,,,,,,,,,,,,,,,,,,,,,,,,,,,,
262.17,2.5758,987.94,0.0010122,171.7,174.31,0.90759,0.93263,2.2903,,,,,,,,,,,,,,,,,,,,,,,,,,,,,,,,,,,,,,,
262.33,2.5872,987.15,0.001013,172.04,174.66,0.90887,0.93268,2.2929,,,,,,,,,,,,,,,,,,,,,,,,,,,,,,,,,,,,,,,
262.48,2.5986,986.37,0.0010138,172.37,175.01,0.91015,0.93274,2.2956,,,,,,,,,,,,,,,,,,,,,,,,,,,,,,,,,,,,,,,
262.64,2.6101,985.58,0.0010146,172.71,175.35,0.91143,0.93279,2.2982,,,,,,,,,,,,,,,,,,,,,,,,,,,,,,,,,,,,,,,
262.79,2.6215,984.79,0.0010154,173.04,175.7,0.9127,0.93285,2.3009,,,,,,,,,,,,,,,,,,,,,,,,,,,,,,,,,,,,,,,
262.94,2.6329,984.01,0.0010163,173.37,176.05,0.91397,0.93291,2.3035,,,,,,,,,,,,,,,,,,,,,,,,,,,,,,,,,,,,,,,
263.09,2.6443,983.22,0.0010171,173.7,176.39,0.91524,0.93298,2.3062,,,,,,,,,,,,,,,,,,,,,,,,,,,,,,,,,,,,,,,
263.24,2.6558,982.44,0.0010179,174.03,176.73,0.9165,0.93305,2.3089,,,,,,,,,,,,,,,,,,,,,,,,,,,,,,,,,,,,,,,
263.4,2.6672,981.66,0.0010187,174.36,177.08,0.91776,0.93312,2.3116,,,,,,,,,,,,,,,,,,,,,,,,,,,,,,,,,,,,,,,
263.55,2.6786,980.88,0.0010195,174.69,177.42,0.91901,0.93319,2.3143,,,,,,,,,,,,,,,,,,,,,,,,,,,,,,,,,,,,,,,
263.7,2.6901,980.1,0.0010203,175.02,177.76,0.92026,0.93327,2.3171,,,,,,,,,,,,,,,,,,,,,,,,,,,,,,,,,,,,,,,
263.85,2.7015,979.32,0.0010211,175.34,178.1,0.92151,0.93335,2.3198,,,,,,,,,,,,,,,,,,,,,,,,,,,,,,,,,,,,,,,
263.99,2.7129,978.54,0.0010219,175.67,178.44,0.92275,0.93343,2.3225,,,,,,,,,,,,,,,,,,,,,,,,,,,,,,,,,,,,,,,
264.14,2.7244,977.76,0.0010227,175.99,178.78,0.92399,0.93352,2.3253,,,,,,,,,,,,,,,,,,,,,,,,,,,,,,,,,,,,,,,
264.29,2.7358,976.99,0.0010236,176.32,179.12,0.92523,0.93361,2.3281,,,,,,,,,,,,,,,,,,,,,,,,,,,,,,,,,,,,,,,
264.44,2.7472,976.21,0.0010244,176.64,179.46,0.92646,0.9337,2.3309,,,,,,,,,,,,,,,,,,,,,,,,,,,,,,,,,,,,,,,
264.59,2.7587,975.44,0.0010252,176.97,179.79,0.92769,0.9338,2.3337,,,,,,,,,,,,,,,,,,,,,,,,,,,,,,,,,,,,,,,
264.73,2.7701,974.66,0.001026,177.29,180.13,0.92892,0.93389,2.3365,,,,,,,,,,,,,,,,,,,,,,,,,,,,,,,,,,,,,,,
264.88,2.7815,973.89,0.0010268,177.61,180.47,0.93014,0.934,2.3393,,,,,,,,,,,,,,,,,,,,,,,,,,,,,,,,,,,,,,,
265.03,2.793,973.12,0.0010276,177.93,180.8,0.93136,0.9341,2.3422,,,,,,,,,,,,,,,,,,,,,,,,,,,,,,,,,,,,,,,
265.17,2.8044,972.34,0.0010284,178.25,181.14,0.93258,0.93421,2.345,,,,,,,,,,,,,,,,,,,,,,,,,,,,,,,,,,,,,,,
265.32,2.8158,971.57,0.0010293,178.57,181.47,0.93379,0.93432,2.3479,,,,,,,,,,,,,,,,,,,,,,,,,,,,,,,,,,,,,,,
265.46,2.8273,970.8,0.0010301,178.89,181.8,0.935,0.93443,2.3508,,,,,,,,,,,,,,,,,,,,,,,,,,,,,,,,,,,,,,,
265.61,2.8387,970.03,0.0010309,179.21,182.13,0.93621,0.93454,2.3536,,,,,,,,,,,,,,,,,,,,,,,,,,,,,,,,,,,,,,,
265.75,2.8501,969.27,0.0010317,179.52,182.47,0.93741,0.93466,2.3566,,,,,,,,,,,,,,,,,,,,,,,,,,,,,,,,,,,,,,,
265.89,2.8616,968.5,0.0010325,179.84,182.8,0.93861,0.93478,2.3595,,,,,,,,,,,,,,,,,,,,,,,,,,,,,,,,,,,,,,,
266.04,2.873,967.73,0.0010333,180.16,183.13,0.93981,0.93491,2.3624,,,,,,,,,,,,,,,,,,,,,,,,,,,,,,,,,,,,,,,
266.18,2.8844,966.96,0.0010342,180.47,183.46,0.94101,0.93504,2.3654,,,,,,,,,,,,,,,,,,,,,,,,,,,,,,,,,,,,,,,
266.32,2.8959,966.2,0.001035,180.79,183.79,0.9422,0.93516,2.3683,,,,,,,,,,,,,,,,,,,,,,,,,,,,,,,,,,,,,,,
266.46,2.9073,965.43,0.0010358,181.1,184.11,0.94339,0.9353,2.3713,,,,,,,,,,,,,,,,,,,,,,,,,,,,,,,,,,,,,,,
266.6,2.9187,964.67,0.0010366,181.42,184.44,0.94457,0.93543,2.3743,,,,,,,,,,,,,,,,,,,,,,,,,,,,,,,,,,,,,,,
266.75,2.9302,963.9,0.0010374,181.73,184.77,0.94575,0.93557,2.3773,,,,,,,,,,,,,,,,,,,,,,,,,,,,,,,,,,,,,,,
266.89,2.9416,963.14,0.0010383,182.04,185.09,0.94693,0.93571,2.3803,,,,,,,,,,,,,,,,,,,,,,,,,,,,,,,,,,,,,,,
267.03,2.953,962.38,0.0010391,182.35,185.42,0.94811,0.93585,2.3833,,,,,,,,,,,,,,,,,,,,,,,,,,,,,,,,,,,,,,,
267.17,2.9645,961.62,0.0010399,182.66,185.75,0.94928,0.936,2.3864,,,,,,,,,,,,,,,,,,,,,,,,,,,,,,,,,,,,,,,
267.31,2.9759,960.86,0.0010407,182.97,186.07,0.95045,0.93615,2.3894,,,,,,,,,,,,,,,,,,,,,,,,,,,,,,,,,,,,,,,
267.44,2.9873,960.1,0.0010416,183.28,186.39,0.95162,0.9363,2.3925,,,,,,,,,,,,,,,,,,,,,,,,,,,,,,,,,,,,,,,
267.58,2.9987,959.34,0.0010424,183.59,186.72,0.95278,0.93645,2.3956,,,,,,,,,,,,,,,,,,,,,,,,,,,,,,,,,,,,,,,
267.72,3.0102,958.58,0.0010432,183.9,187.04,0.95395,0.93661,2.3987,,,,,,,,,,,,,,,,,,,,,,,,,,,,,,,,,,,,,,,
267.86,3.0216,957.82,0.001044,184.21,187.36,0.95511,0.93676,2.4018,,,,,,,,,,,,,,,,,,,,,,,,,,,,,,,,,,,,,,,
268,3.033,957.06,0.0010449,184.52,187.69,0.95626,0.93692,2.4049,,,,,,,,,,,,,,,,,,,,,,,,,,,,,,,,,,,,,,,
268.13,3.0445,956.3,0.0010457,184.82,188.01,0.95741,0.93709,2.4081,,,,,,,,,,,,,,,,,,,,,,,,,,,,,,,,,,,,,,,
268.27,3.0559,955.54,0.0010465,185.13,188.33,0.95857,0.93725,2.4112,,,,,,,,,,,,,,,,,,,,,,,,,,,,,,,,,,,,,,,
268.41,3.0673,954.79,0.0010474,185.43,188.65,0.95971,0.93742,2.4144,,,,,,,,,,,,,,,,,,,,,,,,,,,,,,,,,,,,,,,
268.54,3.0788,954.03,0.0010482,185.74,188.97,0.96086,0.93759,2.4176,,,,,,,,,,,,,,,,,,,,,,,,,,,,,,,,,,,,,,,
268.68,3.0902,953.28,0.001049,186.04,189.29,0.962,0.93776,2.4208,,,,,,,,,,,,,,,,,,,,,,,,,,,,,,,,,,,,,,,
268.81,3.1016,952.52,0.0010498,186.35,189.6,0.96314,0.93794,2.424,,,,,,,,,,,,,,,,,,,,,,,,,,,,,,,,,,,,,,,
268.95,3.1131,951.77,0.0010507,186.65,189.92,0.96428,0.93812,2.4273,,,,,,,,,,,,,,,,,,,,,,,,,,,,,,,,,,,,,,,
269.08,3.1245,951.01,0.0010515,186.95,190.24,0.96541,0.93829,2.4305,,,,,,,,,,,,,,,,,,,,,,,,,,,,,,,,,,,,,,,
269.22,3.1359,950.26,0.0010523,187.26,190.56,0.96655,0.93848,2.4338,,,,,,,,,,,,,,,,,,,,,,,,,,,,,,,,,,,,,,,
269.35,3.1474,949.51,0.0010532,187.56,190.87,0.96768,0.93866,2.4371,,,,,,,,,,,,,,,,,,,,,,,,,,,,,,,,,,,,,,,
269.48,3.1588,948.75,0.001054,187.86,191.19,0.9688,0.93885,2.4404,,,,,,,,,,,,,,,,,,,,,,,,,,,,,,,,,,,,,,,
269.62,3.1702,948,0.0010548,188.16,191.5,0.96993,0.93903,2.4437,,,,,,,,,,,,,,,,,,,,,,,,,,,,,,,,,,,,,,,
269.75,3.1817,947.25,0.0010557,188.46,191.82,0.97105,0.93922,2.4471,,,,,,,,,,,,,,,,,,,,,,,,,,,,,,,,,,,,,,,
269.88,3.1931,946.5,0.0010565,188.76,192.13,0.97217,0.93942,2.4504,,,,,,,,,,,,,,,,,,,,,,,,,,,,,,,,,,,,,,,
270.01,3.2045,945.75,0.0010574,189.06,192.45,0.97329,0.93961,2.4538,,,,,,,,,,,,,,,,,,,,,,,,,,,,,,,,,,,,,,,
270.15,3.216,945,0.0010582,189.36,192.76,0.9744,0.93981,2.4572,,,,,,,,,,,,,,,,,,,,,,,,,,,,,,,,,,,,,,,
270.28,3.2274,944.25,0.001059,189.65,193.07,0.97552,0.94,2.4606,,,,,,,,,,,,,,,,,,,,,,,,,,,,,,,,,,,,,,,
270.41,3.2388,943.5,0.0010599,189.95,193.38,0.97663,0.9402,2.464,,,,,,,,,,,,,,,,,,,,,,,,,,,,,,,,,,,,,,,
270.54,3.2503,942.75,0.0010607,190.25,193.7,0.97773,0.94041,2.4675,,,,,,,,,,,,,,,,,,,,,,,,,,,,,,,,,,,,,,,
270.67,3.2617,942,0.0010616,190.54,194.01,0.97884,0.94061,2.4709,,,,,,,,,,,,,,,,,,,,,,,,,,,,,,,,,,,,,,,
270.8,3.2731,941.25,0.0010624,190.84,194.32,0.97994,0.94082,2.4744,,,,,,,,,,,,,,,,,,,,,,,,,,,,,,,,,,,,,,,
270.93,3.2846,940.51,0.0010633,191.14,194.63,0.98104,0.94102,2.4779,,,,,,,,,,,,,,,,,,,,,,,,,,,,,,,,,,,,,,,
271.06,3.296,939.76,0.0010641,191.43,194.94,0.98214,0.94123,2.4814,,,,,,,,,,,,,,,,,,,,,,,,,,,,,,,,,,,,,,,
271.19,3.3074,939.01,0.001065,191.73,195.25,0.98324,0.94144,2.4849,,,,,,,,,,,,,,,,,,,,,,,,,,,,,,,,,,,,,,,
271.31,3.3189,938.26,0.0010658,192.02,195.56,0.98433,0.94166,2.4885,,,,,,,,,,,,,,,,,,,,,,,,,,,,,,,,,,,,,,,
271.44,3.3303,937.52,0.0010666,192.31,195.86,0.98542,0.94187,2.4921,,,,,,,,,,,,,,,,,,,,,,,,,,,,,,,,,,,,,,,
271.57,3.3417,936.77,0.0010675,192.61,196.17,0.98651,0.94209,2.4956,,,,,,,,,,,,,,,,,,,,,,,,,,,,,,,,,,,,,,,
271.7,3.3531,936.03,0.0010683,192.9,196.48,0.9876,0.9423,2.4992,,,,,,,,,,,,,,,,,,,,,,,,,,,,,,,,,,,,,,,
271.83,3.3646,935.28,0.0010692,193.19,196.79,0.98868,0.94252,2.5029,,,,,,,,,,,,,,,,,,,,,,,,,,,,,,,,,,,,,,,
271.95,3.376,934.53,0.0010701,193.48,197.09,0.98977,0.94274,2.5065,,,,,,,,,,,,,,,,,,,,,,,,,,,,,,,,,,,,,,,
272.08,3.3874,933.79,0.0010709,193.77,197.4,0.99085,0.94297,2.5102,,,,,,,,,,,,,,,,,,,,,,,,,,,,,,,,,,,,,,,
272.21,3.3989,933.04,0.0010718,194.06,197.71,0.99193,0.94319,2.5139,,,,,,,,,,,,,,,,,,,,,,,,,,,,,,,,,,,,,,,
272.33,3.4103,932.3,0.0010726,194.35,198.01,0.993,0.94342,2.5176,,,,,,,,,,,,,,,,,,,,,,,,,,,,,,,,,,,,,,,
272.46,3.4217,931.56,0.0010735,194.64,198.32,0.99408,0.94364,2.5213,,,,,,,,,,,,,,,,,,,,,,,,,,,,,,,,,,,,,,,
272.58,3.4332,930.81,0.0010743,194.93,198.62,0.99515,0.94387,2.525,,,,,,,,,,,,,,,,,,,,,,,,,,,,,,,,,,,,,,,
272.71,3.4446,930.07,0.0010752,195.22,198.92,0.99622,0.9441,2.5288,,,,,,,,,,,,,,,,,,,,,,,,,,,,,,,,,,,,,,,
272.83,3.456,929.32,0.0010761,195.51,199.23,0.99729,0.94433,2.5326,,,,,,,,,,,,,,,,,,,,,,,,,,,,,,,,,,,,,,,
272.96,3.4675,928.58,0.0010769,195.8,199.53,0.99836,0.94457,2.5364,,,,,,,,,,,,,,,,,,,,,,,,,,,,,,,,,,,,,,,
273.08,3.4789,927.84,0.0010778,196.09,199.83,0.99942,0.9448,2.5402,,,,,,,,,,,,,,,,,,,,,,,,,,,,,,,,,,,,,,,
273.21,3.4903,927.09,0.0010786,196.37,200.14,1.0005,0.94504,2.5441,,,,,,,,,,,,,,,,,,,,,,,,,,,,,,,,,,,,,,,
273.33,3.5018,926.35,0.0010795,196.66,200.44,1.0015,0.94527,2.5479,,,,,,,,,,,,,,,,,,,,,,,,,,,,,,,,,,,,,,,
273.45,3.5132,925.61,0.0010804,196.95,200.74,1.0026,0.94551,2.5518,,,,,,,,,,,,,,,,,,,,,,,,,,,,,,,,,,,,,,,
273.58,3.5246,924.87,0.0010812,197.23,201.04,1.0037,0.94575,2.5557,,,,,,,,,,,,,,,,,,,,,,,,,,,,,,,,,,,,,,,
273.7,3.5361,924.12,0.0010821,197.52,201.34,1.0047,0.94599,2.5597,,,,,,,,,,,,,,,,,,,,,,,,,,,,,,,,,,,,,,,
273.82,3.5475,923.38,0.001083,197.8,201.64,1.0058,0.94623,2.5636,,,,,,,,,,,,,,,,,,,,,,,,,,,,,,,,,,,,,,,
273.94,3.5589,922.64,0.0010838,198.09,201.94,1.0068,0.94648,2.5676,,,,,,,,,,,,,,,,,,,,,,,,,,,,,,,,,,,,,,,
274.07,3.5704,921.9,0.0010847,198.37,202.24,1.0079,0.94672,2.5716,,,,,,,,,,,,,,,,,,,,,,,,,,,,,,,,,,,,,,,
274.19,3.5818,921.16,0.0010856,198.65,202.54,1.0089,0.94697,2.5756,,,,,,,,,,,,,,,,,,,,,,,,,,,,,,,,,,,,,,,
274.31,3.5932,920.42,0.0010865,198.94,202.84,1.01,0.94721,2.5797,,,,,,,,,,,,,,,,,,,,,,,,,,,,,,,,,,,,,,,
274.43,3.6047,919.67,0.0010873,199.22,203.14,1.011,0.94746,2.5837,,,,,,,,,,,,,,,,,,,,,,,,,,,,,,,,,,,,,,,
274.55,3.6161,918.93,0.0010882,199.5,203.44,1.012,0.94771,2.5878,,,,,,,,,,,,,,,,,,,,,,,,,,,,,,,,,,,,,,,
274.67,3.6275,918.19,0.0010891,199.79,203.74,1.0131,0.94796,2.5919,,,,,,,,,,,,,,,,,,,,,,,,,,,,,,,,,,,,,,,
274.79,3.639,917.45,0.00109,200.07,204.04,1.0141,0.94821,2.5961,,,,,,,,,,,,,,,,,,,,,,,,,,,,,,,,,,,,,,,
274.91,3.6504,916.71,0.0010909,200.35,204.33,1.0152,0.94846,2.6002,,,,,,,,,,,,,,,,,,,,,,,,,,,,,,,,,,,,,,,
275.03,3.6618,915.97,0.0010917,200.63,204.63,1.0162,0.94871,2.6044,,,,,,,,,,,,,,,,,,,,,,,,,,,,,,,,,,,,,,,
275.15,3.6733,915.23,0.0010926,200.91,204.93,1.0172,0.94897,2.6086,,,,,,,,,,,,,,,,,,,,,,,,,,,,,,,,,,,,,,,
275.27,3.6847,914.49,0.0010935,201.19,205.22,1.0183,0.94922,2.6128,,,,,,,,,,,,,,,,,,,,,,,,,,,,,,,,,,,,,,,
275.39,3.6961,913.75,0.0010944,201.47,205.52,1.0193,0.94948,2.6171,,,,,,,,,,,,,,,,,,,,,,,,,,,,,,,,,,,,,,,
275.51,3.7075,913.01,0.0010953,201.75,205.81,1.0203,0.94973,2.6214,,,,,,,,,,,,,,,,,,,,,,,,,,,,,,,,,,,,,,,
275.62,3.719,912.27,0.0010962,202.03,206.11,1.0213,0.94999,2.6257,,,,,,,,,,,,,,,,,,,,,,,,,,,,,,,,,,,,,,,
275.74,3.7304,911.52,0.0010971,202.31,206.4,1.0224,0.95025,2.63,,,,,,,,,,,,,,,,,,,,,,,,,,,,,,,,,,,,,,,
275.86,3.7418,910.78,0.001098,202.59,206.7,1.0234,0.95051,2.6344,,,,,,,,,,,,,,,,,,,,,,,,,,,,,,,,,,,,,,,
275.98,3.7533,910.04,0.0010988,202.87,206.99,1.0244,0.95077,2.6388,,,,,,,,,,,,,,,,,,,,,,,,,,,,,,,,,,,,,,,
276.09,3.7647,909.3,0.0010997,203.15,207.29,1.0254,0.95103,2.6432,,,,,,,,,,,,,,,,,,,,,,,,,,,,,,,,,,,,,,,
276.21,3.7761,908.56,0.0011006,203.42,207.58,1.0264,0.95129,2.6476,,,,,,,,,,,,,,,,,,,,,,,,,,,,,,,,,,,,,,,
276.33,3.7876,907.82,0.0011015,203.7,207.87,1.0275,0.95155,2.6521,,,,,,,,,,,,,,,,,,,,,,,,,,,,,,,,,,,,,,,
276.44,3.799,907.08,0.0011024,203.98,208.17,1.0285,0.95181,2.6566,,,,,,,,,,,,,,,,,,,,,,,,,,,,,,,,,,,,,,,
276.56,3.8104,906.34,0.0011033,204.26,208.46,1.0295,0.95208,2.6611,,,,,,,,,,,,,,,,,,,,,,,,,,,,,,,,,,,,,,,
276.68,3.8219,905.6,0.0011042,204.53,208.75,1.0305,0.95234,2.6656,,,,,,,,,,,,,,,,,,,,,,,,,,,,,,,,,,,,,,,
276.79,3.8333,904.86,0.0011051,204.81,209.04,1.0315,0.95261,2.6702,,,,,,,,,,,,,,,,,,,,,,,,,,,,,,,,,,,,,,,
276.91,3.8447,904.12,0.0011061,205.08,209.34,1.0325,0.95287,2.6748,,,,,,,,,,,,,,,,,,,,,,,,,,,,,,,,,,,,,,,
277.02,3.8562,903.38,0.001107,205.36,209.63,1.0335,0.95314,2.6794,,,,,,,,,,,,,,,,,,,,,,,,,,,,,,,,,,,,,,,
277.14,3.8676,902.64,0.0011079,205.63,209.92,1.0345,0.95341,2.6841,,,,,,,,,,,,,,,,,,,,,,,,,,,,,,,,,,,,,,,
277.25,3.879,901.9,0.0011088,205.91,210.21,1.0355,0.95367,2.6887,,,,,,,,,,,,,,,,,,,,,,,,,,,,,,,,,,,,,,,
277.37,3.8905,901.15,0.0011097,206.18,210.5,1.0365,0.95394,2.6935,,,,,,,,,,,,,,,,,,,,,,,,,,,,,,,,,,,,,,,
277.48,3.9019,900.41,0.0011106,206.46,210.79,1.0375,0.95421,2.6982,,,,,,,,,,,,,,,,,,,,,,,,,,,,,,,,,,,,,,,
277.59,3.9133,899.67,0.0011115,206.73,211.08,1.0385,0.95448,2.703,,,,,,,,,,,,,,,,,,,,,,,,,,,,,,,,,,,,,,,
277.71,3.9248,898.93,0.0011124,207,211.37,1.0395,0.95475,2.7078,,,,,,,,,,,,,,,,,,,,,,,,,,,,,,,,,,,,,,,
277.82,3.9362,898.19,0.0011134,207.28,211.66,1.0405,0.95502,2.7126,,,,,,,,,,,,,,,,,,,,,,,,,,,,,,,,,,,,,,,
277.93,3.9476,897.45,0.0011143,207.55,211.95,1.0415,0.95529,2.7175,,,,,,,,,,,,,,,,,,,,,,,,,,,,,,,,,,,,,,,
278.05,3.9591,896.7,0.0011152,207.82,212.24,1.0425,0.95557,2.7224,,,,,,,,,,,,,,,,,,,,,,,,,,,,,,,,,,,,,,,
278.16,3.9705,895.96,0.0011161,208.1,212.53,1.0435,0.95584,2.7273,,,,,,,,,,,,,,,,,,,,,,,,,,,,,,,,,,,,,,,
278.27,3.9819,895.22,0.001117,208.37,212.82,1.0445,0.95611,2.7322,,,,,,,,,,,,,,,,,,,,,,,,,,,,,,,,,,,,,,,
278.38,3.9934,894.48,0.001118,208.64,213.1,1.0455,0.95639,2.7372,,,,,,,,,,,,,,,,,,,,,,,,,,,,,,,,,,,,,,,
278.5,4.0048,893.74,0.0011189,208.91,213.39,1.0465,0.95666,2.7423,,,,,,,,,,,,,,,,,,,,,,,,,,,,,,,,,,,,,,,
278.61,4.0162,892.99,0.0011198,209.18,213.68,1.0475,0.95694,2.7473,,,,,,,,,,,,,,,,,,,,,,,,,,,,,,,,,,,,,,,
278.72,4.0277,892.25,0.0011208,209.45,213.97,1.0485,0.95721,2.7524,,,,,,,,,,,,,,,,,,,,,,,,,,,,,,,,,,,,,,,
278.83,4.0391,891.51,0.0011217,209.72,214.26,1.0494,0.95749,2.7575,,,,,,,,,,,,,,,,,,,,,,,,,,,,,,,,,,,,,,,
278.94,4.0505,890.76,0.0011226,209.99,214.54,1.0504,0.95776,2.7627,,,,,,,,,,,,,,,,,,,,,,,,,,,,,,,,,,,,,,,
279.05,4.0619,890.02,0.0011236,210.27,214.83,1.0514,0.95804,2.7678,,,,,,,,,,,,,,,,,,,,,,,,,,,,,,,,,,,,,,,
279.16,4.0734,889.28,0.0011245,210.54,215.12,1.0524,0.95832,2.7731,,,,,,,,,,,,,,,,,,,,,,,,,,,,,,,,,,,,,,,
279.27,4.0848,888.53,0.0011255,210.8,215.4,1.0534,0.9586,2.7783,,,,,,,,,,,,,,,,,,,,,,,,,,,,,,,,,,,,,,,
279.38,4.0962,887.79,0.0011264,211.07,215.69,1.0543,0.95888,2.7836,,,,,,,,,,,,,,,,,,,,,,,,,,,,,,,,,,,,,,,
279.49,4.1077,887.04,0.0011273,211.34,215.97,1.0553,0.95915,2.7889,,,,,,,,,,,,,,,,,,,,,,,,,,,,,,,,,,,,,,,
279.6,4.1191,886.3,0.0011283,211.61,216.26,1.0563,0.95943,2.7943,,,,,,,,,,,,,,,,,,,,,,,,,,,,,,,,,,,,,,,
279.71,4.1305,885.55,0.0011292,211.88,216.55,1.0573,0.95972,2.7997,,,,,,,,,,,,,,,,,,,,,,,,,,,,,,,,,,,,,,,
279.82,4.142,884.81,0.0011302,212.15,216.83,1.0582,0.96,2.8051,,,,,,,,,,,,,,,,,,,,,,,,,,,,,,,,,,,,,,,
279.93,4.1534,884.06,0.0011311,212.42,217.12,1.0592,0.96028,2.8106,,,,,,,,,,,,,,,,,,,,,,,,,,,,,,,,,,,,,,,
280.04,4.1648,883.32,0.0011321,212.69,217.4,1.0602,0.96056,2.8161,,,,,,,,,,,,,,,,,,,,,,,,,,,,,,,,,,,,,,,
280.15,4.1763,882.57,0.0011331,212.95,217.69,1.0612,0.96084,2.8216,,,,,,,,,,,,,,,,,,,,,,,,,,,,,,,,,,,,,,,
280.26,4.1877,881.82,0.001134,213.22,217.97,1.0621,0.96112,2.8272,,,,,,,,,,,,,,,,,,,,,,,,,,,,,,,,,,,,,,,
280.36,4.1991,881.08,0.001135,213.49,218.25,1.0631,0.96141,2.8328,,,,,,,,,,,,,,,,,,,,,,,,,,,,,,,,,,,,,,,
280.47,4.2106,880.33,0.0011359,213.76,218.54,1.0641,0.96169,2.8385,,,,,,,,,,,,,,,,,,,,,,,,,,,,,,,,,,,,,,,
280.58,4.222,879.58,0.0011369,214.02,218.82,1.065,0.96198,2.8442,,,,,,,,,,,,,,,,,,,,,,,,,,,,,,,,,,,,,,,
280.69,4.2334,878.83,0.0011379,214.29,219.11,1.066,0.96226,2.8499,,,,,,,,,,,,,,,,,,,,,,,,,,,,,,,,,,,,,,,
280.79,4.2449,878.08,0.0011388,214.56,219.39,1.067,0.96255,2.8557,,,,,,,,,,,,,,,,,,,,,,,,,,,,,,,,,,,,,,,
280.9,4.2563,877.33,0.0011398,214.82,219.67,1.0679,0.96283,2.8615,,,,,,,,,,,,,,,,,,,,,,,,,,,,,,,,,,,,,,,
281.01,4.2677,876.59,0.0011408,215.09,219.96,1.0689,0.96312,2.8674,,,,,,,,,,,,,,,,,,,,,,,,,,,,,,,,,,,,,,,
281.11,4.2792,875.84,0.0011418,215.35,220.24,1.0698,0.96341,2.8733,,,,,,,,,,,,,,,,,,,,,,,,,,,,,,,,,,,,,,,
281.22,4.2906,875.09,0.0011427,215.62,220.52,1.0708,0.96369,2.8793,,,,,,,,,,,,,,,,,,,,,,,,,,,,,,,,,,,,,,,
281.33,4.302,874.34,0.0011437,215.88,220.8,1.0718,0.96398,2.8853,,,,,,,,,,,,,,,,,,,,,,,,,,,,,,,,,,,,,,,
281.43,4.3135,873.59,0.0011447,216.15,221.09,1.0727,0.96427,2.8913,,,,,,,,,,,,,,,,,,,,,,,,,,,,,,,,,,,,,,,
281.54,4.3249,872.83,0.0011457,216.41,221.37,1.0737,0.96456,2.8974,,,,,,,,,,,,,,,,,,,,,,,,,,,,,,,,,,,,,,,
281.64,4.3363,872.08,0.0011467,216.68,221.65,1.0746,0.96485,2.9035,,,,,,,,,,,,,,,,,,,,,,,,,,,,,,,,,,,,,,,
281.75,4.3478,871.33,0.0011477,216.94,221.93,1.0756,0.96514,2.9096,,,,,,,,,,,,,,,,,,,,,,,,,,,,,,,,,,,,,,,
281.85,4.3592,870.58,0.0011487,217.21,222.22,1.0765,0.96543,2.9159,,,,,,,,,,,,,,,,,,,,,,,,,,,,,,,,,,,,,,,
281.96,4.3706,869.82,0.0011497,217.47,222.5,1.0775,0.96572,2.9221,,,,,,,,,,,,,,,,,,,,,,,,,,,,,,,,,,,,,,,
282.06,4.3821,869.07,0.0011507,217.74,222.78,1.0784,0.96602,2.9284,,,,,,,,,,,,,,,,,,,,,,,,,,,,,,,,,,,,,,,
282.17,4.3935,868.32,0.0011517,218,223.06,1.0794,0.96631,2.9348,,,,,,,,,,,,,,,,,,,,,,,,,,,,,,,,,,,,,,,
282.27,4.4049,867.56,0.0011527,218.26,223.34,1.0803,0.9666,2.9412,,,,,,,,,,,,,,,,,,,,,,,,,,,,,,,,,,,,,,,
282.38,4.4163,866.81,0.0011537,218.53,223.62,1.0813,0.9669,2.9476,,,,,,,,,,,,,,,,,,,,,,,,,,,,,,,,,,,,,,,
282.48,4.4278,866.05,0.0011547,218.79,223.9,1.0822,0.96719,2.9541,,,,,,,,,,,,,,,,,,,,,,,,,,,,,,,,,,,,,,,
282.58,4.4392,865.3,0.0011557,219.05,224.18,1.0832,0.96749,2.9607,,,,,,,,,,,,,,,,,,,,,,,,,,,,,,,,,,,,,,,
282.69,4.4506,864.54,0.0011567,219.32,224.47,1.0841,0.96778,2.9672,,,,,,,,,,,,,,,,,,,,,,,,,,,,,,,,,,,,,,,
282.79,4.4621,863.78,0.0011577,219.58,224.75,1.0851,0.96808,2.9739,,,,,,,,,,,,,,,,,,,,,,,,,,,,,,,,,,,,,,,
282.89,4.4735,863.02,0.0011587,219.84,225.03,1.086,0.96838,2.9806,,,,,,,,,,,,,,,,,,,,,,,,,,,,,,,,,,,,,,,
283,4.4849,862.26,0.0011597,220.11,225.31,1.087,0.96868,2.9873,,,,,,,,,,,,,,,,,,,,,,,,,,,,,,,,,,,,,,,
283.1,4.4964,861.51,0.0011608,220.37,225.59,1.0879,0.96898,2.9941,,,,,,,,,,,,,,,,,,,,,,,,,,,,,,,,,,,,,,,
283.2,4.5078,860.75,0.0011618,220.63,225.87,1.0889,0.96928,3.001,,,,,,,,,,,,,,,,,,,,,,,,,,,,,,,,,,,,,,,
283.3,4.5192,859.99,0.0011628,220.89,226.15,1.0898,0.96958,3.0079,,,,,,,,,,,,,,,,,,,,,,,,,,,,,,,,,,,,,,,
283.4,4.5307,859.23,0.0011638,221.15,226.43,1.0907,0.96988,3.0148,,,,,,,,,,,,,,,,,,,,,,,,,,,,,,,,,,,,,,,
283.51,4.5421,858.46,0.0011649,221.42,226.71,1.0917,0.97018,3.0219,,,,,,,,,,,,,,,,,,,,,,,,,,,,,,,,,,,,,,,
283.61,4.5535,857.7,0.0011659,221.68,226.99,1.0926,0.97048,3.0289,,,,,,,,,,,,,,,,,,,,,,,,,,,,,,,,,,,,,,,
283.71,4.565,856.94,0.0011669,221.94,227.27,1.0936,0.97079,3.0361,,,,,,,,,,,,,,,,,,,,,,,,,,,,,,,,,,,,,,,
283.81,4.5764,856.18,0.001168,222.2,227.55,1.0945,0.97109,3.0432,,,,,,,,,,,,,,,,,,,,,,,,,,,,,,,,,,,,,,,
283.91,4.5878,855.41,0.001169,222.46,227.83,1.0954,0.9714,3.0505,,,,,,,,,,,,,,,,,,,,,,,,,,,,,,,,,,,,,,,
284.01,4.5993,854.65,0.0011701,222.72,228.1,1.0964,0.9717,3.0578,,,,,,,,,,,,,,,,,,,,,,,,,,,,,,,,,,,,,,,
284.11,4.6107,853.88,0.0011711,222.98,228.38,1.0973,0.97201,3.0651,,,,,,,,,,,,,,,,,,,,,,,,,,,,,,,,,,,,,,,
284.21,4.6221,853.12,0.0011722,223.25,228.66,1.0982,0.97232,3.0726,,,,,,,,,,,,,,,,,,,,,,,,,,,,,,,,,,,,,,,
284.31,4.6336,852.35,0.0011732,223.51,228.94,1.0992,0.97263,3.08,,,,,,,,,,,,,,,,,,,,,,,,,,,,,,,,,,,,,,,
284.41,4.645,851.58,0.0011743,223.77,229.22,1.1001,0.97294,3.0876,,,,,,,,,,,,,,,,,,,,,,,,,,,,,,,,,,,,,,,
284.51,4.6564,850.81,0.0011753,224.03,229.5,1.101,0.97325,3.0952,,,,,,,,,,,,,,,,,,,,,,,,,,,,,,,,,,,,,,,
284.61,4.6679,850.04,0.0011764,224.29,229.78,1.102,0.97356,3.1029,,,,,,,,,,,,,,,,,,,,,,,,,,,,,,,,,,,,,,,
284.71,4.6793,849.27,0.0011775,224.55,230.06,1.1029,0.97387,3.1106,,,,,,,,,,,,,,,,,,,,,,,,,,,,,,,,,,,,,,,
284.81,4.6907,848.5,0.0011785,224.81,230.34,1.1038,0.97418,3.1184,,,,,,,,,,,,,,,,,,,,,,,,,,,,,,,,,,,,,,,
284.91,4.7022,847.73,0.0011796,225.07,230.62,1.1048,0.9745,3.1263,,,,,,,,,,,,,,,,,,,,,,,,,,,,,,,,,,,,,,,
285.01,4.7136,846.96,0.0011807,225.33,230.89,1.1057,0.97481,3.1342,,,,,,,,,,,,,,,,,,,,,,,,,,,,,,,,,,,,,,,
285.11,4.725,846.19,0.0011818,225.59,231.17,1.1066,0.97513,3.1422,,,,,,,,,,,,,,,,,,,,,,,,,,,,,,,,,,,,,,,
285.21,4.7365,845.41,0.0011829,225.85,231.45,1.1076,0.97545,3.1502,,,,,,,,,,,,,,,,,,,,,,,,,,,,,,,,,,,,,,,
285.31,4.7479,844.64,0.0011839,226.11,231.73,1.1085,0.97577,3.1584,,,,,,,,,,,,,,,,,,,,,,,,,,,,,,,,,,,,,,,
285.41,4.7593,843.86,0.001185,226.37,232.01,1.1094,0.97609,3.1666,,,,,,,,,,,,,,,,,,,,,,,,,,,,,,,,,,,,,,,
285.5,4.7707,843.09,0.0011861,226.63,232.29,1.1103,0.97641,3.1748,,,,,,,,,,,,,,,,,,,,,,,,,,,,,,,,,,,,,,,
285.6,4.7822,842.31,0.0011872,226.89,232.56,1.1113,0.97673,3.1832,,,,,,,,,,,,,,,,,,,,,,,,,,,,,,,,,,,,,,,
285.7,4.7936,841.53,0.0011883,227.15,232.84,1.1122,0.97706,3.1916,,,,,,,,,,,,,,,,,,,,,,,,,,,,,,,,,,,,,,,
285.8,4.805,840.75,0.0011894,227.41,233.12,1.1131,0.97738,3.2001,,,,,,,,,,,,,,,,,,,,,,,,,,,,,,,,,,,,,,,
285.89,4.8165,839.97,0.0011905,227.67,233.4,1.1141,0.97771,3.2087,,,,,,,,,,,,,,,,,,,,,,,,,,,,,,,,,,,,,,,
285.99,4.8279,839.19,0.0011916,227.92,233.68,1.115,0.97803,3.2173,,,,,,,,,,,,,,,,,,,,,,,,,,,,,,,,,,,,,,,
286.09,4.8393,838.41,0.0011927,228.18,233.96,1.1159,0.97836,3.226,,,,,,,,,,,,,,,,,,,,,,,,,,,,,,,,,,,,,,,
286.19,4.8508,837.63,0.0011938,228.44,234.23,1.1168,0.97869,3.2348,,,,,,,,,,,,,,,,,,,,,,,,,,,,,,,,,,,,,,,
286.28,4.8622,836.84,0.001195,228.7,234.51,1.1178,0.97902,3.2437,,,,,,,,,,,,,,,,,,,,,,,,,,,,,,,,,,,,,,,
286.38,4.8736,836.06,0.0011961,228.96,234.79,1.1187,0.97936,3.2526,,,,,,,,,,,,,,,,,,,,,,,,,,,,,,,,,,,,,,,
286.47,4.8851,835.27,0.0011972,229.22,235.07,1.1196,0.97969,3.2617,,,,,,,,,,,,,,,,,,,,,,,,,,,,,,,,,,,,,,,
286.57,4.8965,834.49,0.0011983,229.48,235.35,1.1205,0.98003,3.2708,,,,,,,,,,,,,,,,,,,,,,,,,,,,,,,,,,,,,,,
286.67,4.9079,833.7,0.0011995,229.74,235.63,1.1214,0.98036,3.28,,,,,,,,,,,,,,,,,,,,,,,,,,,,,,,,,,,,,,,
286.76,4.9194,832.91,0.0012006,230,235.9,1.1224,0.9807,3.2893,,,,,,,,,,,,,,,,,,,,,,,,,,,,,,,,,,,,,,,
286.86,4.9308,832.12,0.0012017,230.26,236.18,1.1233,0.98104,3.2986,,,,,,,,,,,,,,,,,,,,,,,,,,,,,,,,,,,,,,,
286.95,4.9422,831.33,0.0012029,230.51,236.46,1.1242,0.98138,3.3081,,,,,,,,,,,,,,,,,,,,,,,,,,,,,,,,,,,,,,,
287.05,4.9537,830.54,0.001204,230.77,236.74,1.1251,0.98173,3.3176,,,,,,,,,,,,,,,,,,,,,,,,,,,,,,,,,,,,,,,
287.14,4.9651,829.74,0.0012052,231.03,237.02,1.1261,0.98207,3.3273,,,,,,,,,,,,,,,,,,,,,,,,,,,,,,,,,,,,,,,
287.24,4.9765,828.95,0.0012063,231.29,237.29,1.127,0.98242,3.337,,,,,,,,,,,,,,,,,,,,,,,,,,,,,,,,,,,,,,,
287.33,4.988,828.15,0.0012075,231.55,237.57,1.1279,0.98277,3.3468,,,,,,,,,,,,,,,,,,,,,,,,,,,,,,,,,,,,,,,
287.43,4.9994,827.36,0.0012087,231.81,237.85,1.1288,0.98312,3.3567,,,,,,,,,,,,,,,,,,,,,,,,,,,,,,,,,,,,,,,
287.52,5.0108,826.56,0.0012098,232.07,238.13,1.1297,0.98347,3.3667,,,,,,,,,,,,,,,,,,,,,,,,,,,,,,,,,,,,,,,
287.62,5.0223,825.76,0.001211,232.33,238.41,1.1307,0.98382,3.3768,,,,,,,,,,,,,,,,,,,,,,,,,,,,,,,,,,,,,,,
287.71,5.0337,824.96,0.0012122,232.58,238.69,1.1316,0.98418,3.387,,,,,,,,,,,,,,,,,,,,,,,,,,,,,,,,,,,,,,,
287.81,5.0451,824.16,0.0012134,232.84,238.96,1.1325,0.98454,3.3973,,,,,,,,,,,,,,,,,,,,,,,,,,,,,,,,,,,,,,,
287.9,5.0566,823.36,0.0012145,233.1,239.24,1.1334,0.9849,3.4077,,,,,,,,,,,,,,,,,,,,,,,,,,,,,,,,,,,,,,,
287.99,5.068,822.56,0.0012157,233.36,239.52,1.1343,0.98526,3.4182,,,,,,,,,,,,,,,,,,,,,,,,,,,,,,,,,,,,,,,
288.09,5.0794,821.75,0.0012169,233.62,239.8,1.1353,0.98562,3.4288,,,,,,,,,,,,,,,,,,,,,,,,,,,,,,,,,,,,,,,
288.18,5.0908,820.95,0.0012181,233.88,240.08,1.1362,0.98599,3.4395,,,,,,,,,,,,,,,,,,,,,,,,,,,,,,,,,,,,,,,
288.27,5.1023,820.14,0.0012193,234.14,240.36,1.1371,0.98635,3.4503,,,,,,,,,,,,,,,,,,,,,,,,,,,,,,,,,,,,,,,
288.37,5.1137,819.33,0.0012205,234.4,240.64,1.138,0.98672,3.4612,,,,,,,,,,,,,,,,,,,,,,,,,,,,,,,,,,,,,,,
288.46,5.1251,818.52,0.0012217,234.65,240.92,1.1389,0.9871,3.4722,,,,,,,,,,,,,,,,,,,,,,,,,,,,,,,,,,,,,,,
288.55,5.1366,817.71,0.0012229,234.91,241.19,1.1398,0.98747,3.4833,,,,,,,,,,,,,,,,,,,,,,,,,,,,,,,,,,,,,,,
288.64,5.148,816.9,0.0012241,235.17,241.47,1.1408,0.98785,3.4945,,,,,,,,,,,,,,,,,,,,,,,,,,,,,,,,,,,,,,,
288.74,5.1594,816.08,0.0012254,235.43,241.75,1.1417,0.98822,3.5059,,,,,,,,,,,,,,,,,,,,,,,,,,,,,,,,,,,,,,,
288.83,5.1709,815.27,0.0012266,235.69,242.03,1.1426,0.98861,3.5173,,,,,,,,,,,,,,,,,,,,,,,,,,,,,,,,,,,,,,,
288.92,5.1823,814.45,0.0012278,235.95,242.31,1.1435,0.98899,3.5289,,,,,,,,,,,,,,,,,,,,,,,,,,,,,,,,,,,,,,,
289.01,5.1937,813.63,0.0012291,236.21,242.59,1.1444,0.98937,3.5406,,,,,,,,,,,,,,,,,,,,,,,,,,,,,,,,,,,,,,,
289.1,5.2052,812.81,0.0012303,236.47,242.87,1.1454,0.98976,3.5524,,,,,,,,,,,,,,,,,,,,,,,,,,,,,,,,,,,,,,,
289.2,5.2166,811.99,0.0012315,236.73,243.15,1.1463,0.99015,3.5644,,,,,,,,,,,,,,,,,,,,,,,,,,,,,,,,,,,,,,,
289.29,5.228,811.17,0.0012328,236.99,243.43,1.1472,0.99055,3.5764,,,,,,,,,,,,,,,,,,,,,,,,,,,,,,,,,,,,,,,
289.38,5.2395,810.35,0.001234,237.24,243.71,1.1481,0.99094,3.5886,,,,,,,,,,,,,,,,,,,,,,,,,,,,,,,,,,,,,,,
289.47,5.2509,809.52,0.0012353,237.5,243.99,1.149,0.99134,3.6009,,,,,,,,,,,,,,,,,,,,,,,,,,,,,,,,,,,,,,,
289.56,5.2623,808.69,0.0012366,237.76,244.27,1.15,0.99174,3.6134,,,,,,,,,,,,,,,,,,,,,,,,,,,,,,,,,,,,,,,
289.65,5.2738,807.87,0.0012378,238.02,244.55,1.1509,0.99215,3.626,,,,,,,,,,,,,,,,,,,,,,,,,,,,,,,,,,,,,,,
289.74,5.2852,807.04,0.0012391,238.28,244.83,1.1518,0.99255,3.6387,,,,,,,,,,,,,,,,,,,,,,,,,,,,,,,,,,,,,,,
289.83,5.2966,806.2,0.0012404,238.54,245.11,1.1527,0.99296,3.6515,,,,,,,,,,,,,,,,,,,,,,,,,,,,,,,,,,,,,,,
289.92,5.3081,805.37,0.0012417,238.8,245.39,1.1536,0.99338,3.6645,,,,,,,,,,,,,,,,,,,,,,,,,,,,,,,,,,,,,,,
290.01,5.3195,804.54,0.001243,239.06,245.67,1.1545,0.99379,3.6776,,,,,,,,,,,,,,,,,,,,,,,,,,,,,,,,,,,,,,,
290.1,5.3309,803.7,0.0012442,239.32,245.95,1.1555,0.99421,3.6909,,,,,,,,,,,,,,,,,,,,,,,,,,,,,,,,,,,,,,,
290.19,5.3424,802.86,0.0012455,239.58,246.23,1.1564,0.99464,3.7043,,,,,,,,,,,,,,,,,,,,,,,,,,,,,,,,,,,,,,,
290.28,5.3538,802.02,0.0012468,239.84,246.52,1.1573,0.99506,3.7179,,,,,,,,,,,,,,,,,,,,,,,,,,,,,,,,,,,,,,,
290.37,5.3652,801.18,0.0012482,240.1,246.8,1.1582,0.99549,3.7316,,,,,,,,,,,,,,,,,,,,,,,,,,,,,,,,,,,,,,,
290.46,5.3767,800.34,0.0012495,240.36,247.08,1.1591,0.99592,3.7454,,,,,,,,,,,,,,,,,,,,,,,,,,,,,,,,,,,,,,,
290.55,5.3881,799.49,0.0012508,240.62,247.36,1.1601,0.99636,3.7594,,,,,,,,,,,,,,,,,,,,,,,,,,,,,,,,,,,,,,,
290.64,5.3995,798.65,0.0012521,240.88,247.64,1.161,0.9968,3.7736,,,,,,,,,,,,,,,,,,,,,,,,,,,,,,,,,,,,,,,
290.73,5.411,797.8,0.0012534,241.14,247.92,1.1619,0.99724,3.7879,,,,,,,,,,,,,,,,,,,,,,,,,,,,,,,,,,,,,,,
290.82,5.4224,796.95,0.0012548,241.4,248.21,1.1628,0.99769,3.8024,,,,,,,,,,,,,,,,,,,,,,,,,,,,,,,,,,,,,,,
290.91,5.4338,796.1,0.0012561,241.66,248.49,1.1638,0.99814,3.8171,,,,,,,,,,,,,,,,,,,,,,,,,,,,,,,,,,,,,,,
291,5.4452,795.24,0.0012575,241.92,248.77,1.1647,0.99859,3.8319,,,,,,,,,,,,,,,,,,,,,,,,,,,,,,,,,,,,,,,
291.08,5.4567,794.39,0.0012588,242.19,249.06,1.1656,0.99905,3.8469,,,,,,,,,,,,,,,,,,,,,,,,,,,,,,,,,,,,,,,
291.17,5.4681,793.53,0.0012602,242.45,249.34,1.1665,0.99952,3.8621,,,,,,,,,,,,,,,,,,,,,,,,,,,,,,,,,,,,,,,
291.26,5.4795,792.67,0.0012616,242.71,249.62,1.1674,0.99998,3.8774,,,,,,,,,,,,,,,,,,,,,,,,,,,,,,,,,,,,,,,
291.35,5.491,791.81,0.0012629,242.97,249.9,1.1684,1.0005,3.8929,,,,,,,,,,,,,,,,,,,,,,,,,,,,,,,,,,,,,,,
291.44,5.5024,790.95,0.0012643,243.23,250.19,1.1693,1.0009,3.9086,,,,,,,,,,,,,,,,,,,,,,,,,,,,,,,,,,,,,,,
291.52,5.5138,790.08,0.0012657,243.49,250.47,1.1702,1.0014,3.9245,,,,,,,,,,,,,,,,,,,,,,,,,,,,,,,,,,,,,,,
291.61,5.5253,789.21,0.0012671,243.76,250.76,1.1711,1.0019,3.9406,,,,,,,,,,,,,,,,,,,,,,,,,,,,,,,,,,,,,,,
291.7,5.5367,788.34,0.0012685,244.02,251.04,1.1721,1.0024,3.9569,,,,,,,,,,,,,,,,,,,,,,,,,,,,,,,,,,,,,,,
291.79,5.5481,787.47,0.0012699,244.28,251.33,1.173,1.0029,3.9734,,,,,,,,,,,,,,,,,,,,,,,,,,,,,,,,,,,,,,,
291.87,5.5596,786.6,0.0012713,244.54,251.61,1.1739,1.0034,3.9901,,,,,,,,,,,,,,,,,,,,,,,,,,,,,,,,,,,,,,,
291.96,5.571,785.72,0.0012727,244.81,251.9,1.1748,1.0039,4.0069,,,,,,,,,,,,,,,,,,,,,,,,,,,,,,,,,,,,,,,
292.05,5.5824,784.85,0.0012741,245.07,252.18,1.1758,1.0044,4.024,,,,,,,,,,,,,,,,,,,,,,,,,,,,,,,,,,,,,,,
292.14,5.5939,783.97,0.0012756,245.33,252.47,1.1767,1.0049,4.0413,,,,,,,,,,,,,,,,,,,,,,,,,,,,,,,,,,,,,,,
292.22,5.6053,783.08,0.001277,245.6,252.75,1.1776,1.0054,4.0589,,,,,,,,,,,,,,,,,,,,,,,,,,,,,,,,,,,,,,,
292.31,5.6167,782.2,0.0012784,245.86,253.04,1.1786,1.0059,4.0766,,,,,,,,,,,,,,,,,,,,,,,,,,,,,,,,,,,,,,,
292.39,5.6282,781.31,0.0012799,246.12,253.33,1.1795,1.0065,4.0946,,,,,,,,,,,,,,,,,,,,,,,,,,,,,,,,,,,,,,,
292.48,5.6396,780.42,0.0012814,246.39,253.61,1.1804,1.007,4.1128,,,,,,,,,,,,,,,,,,,,,,,,,,,,,,,,,,,,,,,
292.57,5.651,779.53,0.0012828,246.65,253.9,1.1814,1.0076,4.1312,,,,,,,,,,,,,,,,,,,,,,,,,,,,,,,,,,,,,,,
292.65,5.6625,778.64,0.0012843,246.92,254.19,1.1823,1.0081,4.1499,,,,,,,,,,,,,,,,,,,,,,,,,,,,,,,,,,,,,,,
292.74,5.6739,777.74,0.0012858,247.18,254.48,1.1832,1.0087,4.1688,,,,,,,,,,,,,,,,,,,,,,,,,,,,,,,,,,,,,,,
292.82,5.6853,776.85,0.0012873,247.45,254.76,1.1842,1.0092,4.188,,,,,,,,,,,,,,,,,,,,,,,,,,,,,,,,,,,,,,,
292.91,5.6968,775.94,0.0012888,247.71,255.05,1.1851,1.0098,4.2074,,,,,,,,,,,,,,,,,,,,,,,,,,,,,,,,,,,,,,,
292.99,5.7082,775.04,0.0012903,247.98,255.34,1.186,1.0103,4.2271,,,,,,,,,,,,,,,,,,,,,,,,,,,,,,,,,,,,,,,
293.08,5.7196,774.14,0.0012918,248.24,255.63,1.187,1.0109,4.247,,,,,,,,,,,,,,,,,,,,,,,,,,,,,,,,,,,,,,,
293.16,5.7311,773.23,0.0012933,248.51,255.92,1.1879,1.0115,4.2672,,,,,,,,,,,,,,,,,,,,,,,,,,,,,,,,,,,,,,,
293.25,5.7425,772.32,0.0012948,248.77,256.21,1.1888,1.0121,4.2877,,,,,,,,,,,,,,,,,,,,,,,,,,,,,,,,,,,,,,,
293.33,5.7539,771.4,0.0012963,249.04,256.5,1.1898,1.0127,4.3085,,,,,,,,,,,,,,,,,,,,,,,,,,,,,,,,,,,,,,,
293.42,5.7654,770.49,0.0012979,249.31,256.79,1.1907,1.0133,4.3296,,,,,,,,,,,,,,,,,,,,,,,,,,,,,,,,,,,,,,,
293.5,5.7768,769.57,0.0012994,249.57,257.08,1.1917,1.0139,4.3509,,,,,,,,,,,,,,,,,,,,,,,,,,,,,,,,,,,,,,,
293.59,5.7882,768.65,0.001301,249.84,257.37,1.1926,1.0146,4.3726,,,,,,,,,,,,,,,,,,,,,,,,,,,,,,,,,,,,,,,
293.67,5.7996,767.72,0.0013026,250.11,257.66,1.1935,1.0152,4.3946,,,,,,,,,,,,,,,,,,,,,,,,,,,,,,,,,,,,,,,
293.76,5.8111,766.8,0.0013041,250.38,257.96,1.1945,1.0158,4.4169,,,,,,,,,,,,,,,,,,,,,,,,,,,,,,,,,,,,,,,
293.84,5.8225,765.87,0.0013057,250.65,258.25,1.1954,1.0165,4.4395,,,,,,,,,,,,,,,,,,,,,,,,,,,,,,,,,,,,,,,
293.92,5.8339,764.93,0.0013073,250.91,258.54,1.1964,1.0171,4.4624,,,,,,,,,,,,,,,,,,,,,,,,,,,,,,,,,,,,,,,
294.01,5.8454,764,0.0013089,251.18,258.83,1.1973,1.0178,4.4857,,,,,,,,,,,,,,,,,,,,,,,,,,,,,,,,,,,,,,,
294.09,5.8568,763.06,0.0013105,251.45,259.13,1.1983,1.0185,4.5094,,,,,,,,,,,,,,,,,,,,,,,,,,,,,,,,,,,,,,,
294.18,5.8682,762.12,0.0013121,251.72,259.42,1.1992,1.0191,4.5333,,,,,,,,,,,,,,,,,,,,,,,,,,,,,,,,,,,,,,,
294.26,5.8797,761.17,0.0013138,251.99,259.72,1.2002,1.0198,4.5577,,,,,,,,,,,,,,,,,,,,,,,,,,,,,,,,,,,,,,,
294.34,5.8911,760.22,0.0013154,252.26,260.01,1.2011,1.0205,4.5824,,,,,,,,,,,,,,,,,,,,,,,,,,,,,,,,,,,,,,,
294.42,5.9025,759.27,0.001317,252.53,260.31,1.2021,1.0212,4.6075,,,,,,,,,,,,,,,,,,,,,,,,,,,,,,,,,,,,,,,
294.51,5.914,758.32,0.0013187,252.8,260.6,1.203,1.022,4.633,,,,,,,,,,,,,,,,,,,,,,,,,,,,,,,,,,,,,,,
294.59,5.9254,757.36,0.0013204,253.08,260.9,1.204,1.0227,4.659,,,,,,,,,,,,,,,,,,,,,,,,,,,,,,,,,,,,,,,
294.67,5.9368,756.4,0.001322,253.35,261.2,1.2049,1.0234,4.6853,,,,,,,,,,,,,,,,,,,,,,,,,,,,,,,,,,,,,,,
294.76,5.9483,755.44,0.0013237,253.62,261.49,1.2059,1.0242,4.712,,,,,,,,,,,,,,,,,,,,,,,,,,,,,,,,,,,,,,,
294.84,5.9597,754.47,0.0013254,253.89,261.79,1.2069,1.0249,4.7392,,,,,,,,,,,,,,,,,,,,,,,,,,,,,,,,,,,,,,,
294.92,5.9711,753.5,0.0013271,254.17,262.09,1.2078,1.0257,4.7668,,,,,,,,,,,,,,,,,,,,,,,,,,,,,,,,,,,,,,,
295,5.9826,752.53,0.0013289,254.44,262.39,1.2088,1.0265,4.7949,,,,,,,,,,,,,,,,,,,,,,,,,,,,,,,,,,,,,,,
295.08,5.994,751.55,0.0013306,254.71,262.69,1.2097,1.0273,4.8234,,,,,,,,,,,,,,,,,,,,,,,,,,,,,,,,,,,,,,,
295.17,6.0054,750.57,0.0013323,254.99,262.99,1.2107,1.0281,4.8524,,,,,,,,,,,,,,,,,,,,,,,,,,,,,,,,,,,,,,,
295.25,6.0169,749.58,0.0013341,255.26,263.29,1.2117,1.0289,4.882,,,,,,,,,,,,,,,,,,,,,,,,,,,,,,,,,,,,,,,
295.33,6.0283,748.59,0.0013358,255.54,263.59,1.2126,1.0297,4.912,,,,,,,,,,,,,,,,,,,,,,,,,,,,,,,,,,,,,,,
295.41,6.0397,747.6,0.0013376,255.81,263.89,1.2136,1.0306,4.9425,,,,,,,,,,,,,,,,,,,,,,,,,,,,,,,,,,,,,,,
295.49,6.0512,746.61,0.0013394,256.09,264.2,1.2146,1.0314,4.9736,,,,,,,,,,,,,,,,,,,,,,,,,,,,,,,,,,,,,,,
295.57,6.0626,745.61,0.0013412,256.37,264.5,1.2156,1.0323,5.0052,,,,,,,,,,,,,,,,,,,,,,,,,,,,,,,,,,,,,,,
295.66,6.074,744.6,0.001343,256.64,264.8,1.2165,1.0332,5.0374,,,,,,,,,,,,,,,,,,,,,,,,,,,,,,,,,,,,,,,
295.74,6.0855,743.59,0.0013448,256.92,265.11,1.2175,1.0341,5.0702,,,,,,,,,,,,,,,,,,,,,,,,,,,,,,,,,,,,,,,
295.82,6.0969,742.58,0.0013467,257.2,265.41,1.2185,1.035,5.1036,,,,,,,,,,,,,,,,,,,,,,,,,,,,,,,,,,,,,,,
295.9,6.1083,741.57,0.0013485,257.48,265.72,1.2195,1.0359,5.1376,,,,,,,,,,,,,,,,,,,,,,,,,,,,,,,,,,,,,,,
295.98,6.1198,740.55,0.0013504,257.76,266.02,1.2205,1.0369,5.1722,,,,,,,,,,,,,,,,,,,,,,,,,,,,,,,,,,,,,,,
296.06,6.1312,739.52,0.0013522,258.04,266.33,1.2214,1.0378,5.2074,,,,,,,,,,,,,,,,,,,,,,,,,,,,,,,,,,,,,,,
296.14,6.1426,738.49,0.0013541,258.32,266.64,1.2224,1.0388,5.2434,,,,,,,,,,,,,,,,,,,,,,,,,,,,,,,,,,,,,,,
296.22,6.154,737.46,0.001356,258.6,266.95,1.2234,1.0398,5.28,,,,,,,,,,,,,,,,,,,,,,,,,,,,,,,,,,,,,,,
296.3,6.1655,736.42,0.0013579,258.88,267.26,1.2244,1.0408,5.3174,,,,,,,,,,,,,,,,,,,,,,,,,,,,,,,,,,,,,,,
296.38,6.1769,735.38,0.0013598,259.17,267.57,1.2254,1.0418,5.3554,,,,,,,,,,,,,,,,,,,,,,,,,,,,,,,,,,,,,,,
296.46,6.1883,734.33,0.0013618,259.45,267.88,1.2264,1.0429,5.3943,,,,,,,,,,,,,,,,,,,,,,,,,,,,,,,,,,,,,,,
296.54,6.1998,733.28,0.0013637,259.73,268.19,1.2274,1.0439,5.4339,,,,,,,,,,,,,,,,,,,,,,,,,,,,,,,,,,,,,,,
296.62,6.2112,732.22,0.0013657,260.02,268.5,1.2284,1.045,5.4743,,,,,,,,,,,,,,,,,,,,,,,,,,,,,,,,,,,,,,,
296.7,6.2226,731.16,0.0013677,260.3,268.81,1.2294,1.0461,5.5155,,,,,,,,,,,,,,,,,,,,,,,,,,,,,,,,,,,,,,,
296.78,6.2341,730.1,0.0013697,260.59,269.13,1.2304,1.0472,5.5576,,,,,,,,,,,,,,,,,,,,,,,,,,,,,,,,,,,,,,,
296.86,6.2455,729.02,0.0013717,260.88,269.44,1.2314,1.0484,5.6006,,,,,,,,,,,,,,,,,,,,,,,,,,,,,,,,,,,,,,,
296.94,6.2569,727.95,0.0013737,261.16,269.76,1.2324,1.0495,5.6445,,,,,,,,,,,,,,,,,,,,,,,,,,,,,,,,,,,,,,,
297.02,6.2684,726.87,0.0013758,261.45,270.08,1.2334,1.0507,5.6893,,,,,,,,,,,,,,,,,,,,,,,,,,,,,,,,,,,,,,,
297.1,6.2798,725.78,0.0013778,261.74,270.39,1.2344,1.0519,5.7351,,,,,,,,,,,,,,,,,,,,,,,,,,,,,,,,,,,,,,,
297.17,6.2912,724.68,0.0013799,262.03,270.71,1.2355,1.0531,5.7819,,,,,,,,,,,,,,,,,,,,,,,,,,,,,,,,,,,,,,,
297.25,6.3027,723.59,0.001382,262.32,271.03,1.2365,1.0543,5.8297,,,,,,,,,,,,,,,,,,,,,,,,,,,,,,,,,,,,,,,
297.33,6.3141,722.48,0.0013841,262.61,271.35,1.2375,1.0556,5.8786,,,,,,,,,,,,,,,,,,,,,,,,,,,,,,,,,,,,,,,
297.41,6.3255,721.37,0.0013862,262.9,271.67,1.2385,1.0569,5.9286,,,,,,,,,,,,,,,,,,,,,,,,,,,,,,,,,,,,,,,
297.49,6.337,720.26,0.0013884,263.2,272,1.2396,1.0582,5.9798,,,,,,,,,,,,,,,,,,,,,,,,,,,,,,,,,,,,,,,
297.57,6.3484,719.13,0.0013906,263.49,272.32,1.2406,1.0595,6.0321,,,,,,,,,,,,,,,,,,,,,,,,,,,,,,,,,,,,,,,
297.64,6.3598,718.01,0.0013927,263.79,272.64,1.2416,1.0609,6.0856,,,,,,,,,,,,,,,,,,,,,,,,,,,,,,,,,,,,,,,
297.72,6.3713,716.87,0.001395,264.08,272.97,1.2427,1.0623,6.1405,,,,,,,,,,,,,,,,,,,,,,,,,,,,,,,,,,,,,,,
297.8,6.3827,715.73,0.0013972,264.38,273.3,1.2437,1.0637,6.1966,,,,,,,,,,,,,,,,,,,,,,,,,,,,,,,,,,,,,,,
297.88,6.3941,714.58,0.0013994,264.68,273.62,1.2448,1.0651,6.2541,,,,,,,,,,,,,,,,,,,,,,,,,,,,,,,,,,,,,,,
297.96,6.4056,713.43,0.0014017,264.97,273.95,1.2458,1.0666,6.313,,,,,,,,,,,,,,,,,,,,,,,,,,,,,,,,,,,,,,,
298.03,6.417,712.27,0.001404,265.27,274.28,1.2469,1.0681,6.3734,,,,,,,,,,,,,,,,,,,,,,,,,,,,,,,,,,,,,,,
298.11,6.4284,711.1,0.0014063,265.57,274.62,1.2479,1.0696,6.4353,,,,,,,,,,,,,,,,,,,,,,,,,,,,,,,,,,,,,,,
298.19,6.4399,709.92,0.0014086,265.88,274.95,1.249,1.0712,6.4987,,,,,,,,,,,,,,,,,,,,,,,,,,,,,,,,,,,,,,,
298.27,6.4513,708.74,0.0014109,266.18,275.28,1.2501,1.0728,6.5638,,,,,,,,,,,,,,,,,,,,,,,,,,,,,,,,,,,,,,,
298.34,6.4627,707.55,0.0014133,266.48,275.62,1.2511,1.0744,6.6306,,,,,,,,,,,,,,,,,,,,,,,,,,,,,,,,,,,,,,,
298.42,6.4742,706.36,0.0014157,266.79,275.95,1.2522,1.076,6.6992,,,,,,,,,,,,,,,,,,,,,,,,,,,,,,,,,,,,,,,
298.5,6.4856,705.15,0.0014181,267.1,276.29,1.2533,1.0777,6.7695,,,,,,,,,,,,,,,,,,,,,,,,,,,,,,,,,,,,,,,
298.57,6.497,703.94,0.0014206,267.4,276.63,1.2544,1.0794,6.8418,,,,,,,,,,,,,,,,,,,,,,,,,,,,,,,,,,,,,,,
298.65,6.5084,702.72,0.0014231,267.71,276.97,1.2555,1.0812,6.9161,,,,,,,,,,,,,,,,,,,,,,,,,,,,,,,,,,,,,,,
298.73,6.5199,701.49,0.0014255,268.02,277.32,1.2566,1.083,6.9924,,,,,,,,,,,,,,,,,,,,,,,,,,,,,,,,,,,,,,,
298.8,6.5313,700.25,0.0014281,268.33,277.66,1.2577,1.0848,7.0709,,,,,,,,,,,,,,,,,,,,,,,,,,,,,,,,,,,,,,,
298.88,6.5427,699,0.0014306,268.65,278.01,1.2588,1.0867,7.1516,,,,,,,,,,,,,,,,,,,,,,,,,,,,,,,,,,,,,,,
298.95,6.5542,697.75,0.0014332,268.96,278.35,1.2599,1.0886,7.2346,,,,,,,,,,,,,,,,,,,,,,,,,,,,,,,,,,,,,,,
299.03,6.5656,696.48,0.0014358,269.28,278.7,1.261,1.0905,7.3201,,,,,,,,,,,,,,,,,,,,,,,,,,,,,,,,,,,,,,,
299.11,6.577,695.21,0.0014384,269.59,279.05,1.2621,1.0925,7.4081,,,,,,,,,,,,,,,,,,,,,,,,,,,,,,,,,,,,,,,
299.18,6.5885,693.92,0.0014411,269.91,279.41,1.2632,1.0945,7.4988,,,,,,,,,,,,,,,,,,,,,,,,,,,,,,,,,,,,,,,
299.26,6.5999,692.63,0.0014438,270.23,279.76,1.2644,1.0966,7.5922,,,,,,,,,,,,,,,,,,,,,,,,,,,,,,,,,,,,,,,
299.33,6.6113,691.33,0.0014465,270.55,280.12,1.2655,1.0987,7.6885,,,,,,,,,,,,,,,,,,,,,,,,,,,,,,,,,,,,,,,
299.41,6.6228,690.01,0.0014492,270.88,280.48,1.2666,1.1009,7.7879,,,,,,,,,,,,,,,,,,,,,,,,,,,,,,,,,,,,,,,
299.48,6.6342,688.69,0.001452,271.2,280.84,1.2678,1.1031,7.8904,,,,,,,,,,,,,,,,,,,,,,,,,,,,,,,,,,,,,,,
299.56,6.6456,687.35,0.0014549,271.53,281.2,1.2689,1.1054,7.9963,,,,,,,,,,,,,,,,,,,,,,,,,,,,,,,,,,,,,,,
299.63,6.6571,686.01,0.0014577,271.86,281.56,1.2701,1.1077,8.1056,,,,,,,,,,,,,,,,,,,,,,,,,,,,,,,,,,,,,,,
299.71,6.6685,684.65,0.0014606,272.19,281.93,1.2713,1.1101,8.2186,,,,,,,,,,,,,,,,,,,,,,,,,,,,,,,,,,,,,,,
299.78,6.6799,683.28,0.0014635,272.52,282.3,1.2724,1.1125,8.3355,,,,,,,,,,,,,,,,,,,,,,,,,,,,,,,,,,,,,,,
299.86,6.6914,681.9,0.0014665,272.85,282.67,1.2736,1.115,8.4564,,,,,,,,,,,,,,,,,,,,,,,,,,,,,,,,,,,,,,,
299.93,6.7028,680.5,0.0014695,273.19,283.04,1.2748,1.1176,8.5815,,,,,,,,,,,,,,,,,,,,,,,,,,,,,,,,,,,,,,,
300.01,6.7142,679.1,0.0014725,273.53,283.42,1.276,1.1202,8.7111,,,,,,,,,,,,,,,,,,,,,,,,,,,,,,,,,,,,,,,
300.08,6.7257,677.68,0.0014756,273.87,283.79,1.2772,1.1229,8.8455,,,,,,,,,,,,,,,,,,,,,,,,,,,,,,,,,,,,,,,
300.16,6.7371,676.24,0.0014788,274.21,284.17,1.2784,1.1256,8.9848,,,,,,,,,,,,,,,,,,,,,,,,,,,,,,,,,,,,,,,
300.23,6.7485,674.8,0.0014819,274.56,284.56,1.2796,1.1285,9.1294,,,,,,,,,,,,,,,,,,,,,,,,,,,,,,,,,,,,,,,
300.3,6.76,673.34,0.0014851,274.9,284.94,1.2809,1.1313,9.2796,,,,,,,,,,,,,,,,,,,,,,,,,,,,,,,,,,,,,,,
300.38,6.7714,671.86,0.0014884,275.25,285.33,1.2821,1.1343,9.4356,,,,,,,,,,,,,,,,,,,,,,,,,,,,,,,,,,,,,,,
300.45,6.7828,670.37,0.0014917,275.61,285.72,1.2833,1.1374,9.5979,,,,,,,,,,,,,,,,,,,,,,,,,,,,,,,,,,,,,,,
300.53,6.7943,668.86,0.0014951,275.96,286.12,1.2846,1.1405,9.7669,,,,,,,,,,,,,,,,,,,,,,,,,,,,,,,,,,,,,,,
300.6,6.8057,667.34,0.0014985,276.32,286.52,1.2859,1.1437,9.9428,,,,,,,,,,,,,,,,,,,,,,,,,,,,,,,,,,,,,,,
300.67,6.8171,665.8,0.001502,276.68,286.92,1.2871,1.147,10.126,,,,,,,,,,,,,,,,,,,,,,,,,,,,,,,,,,,,,,,
300.75,6.8286,664.24,0.0015055,277.04,287.32,1.2884,1.1504,10.318,,,,,,,,,,,,,,,,,,,,,,,,,,,,,,,,,,,,,,,
300.82,6.84,662.67,0.0015091,277.41,287.73,1.2897,1.154,10.518,,,,,,,,,,,,,,,,,,,,,,,,,,,,,,,,,,,,,,,
300.89,6.8514,661.07,0.0015127,277.78,288.14,1.291,1.1576,10.727,,,,,,,,,,,,,,,,,,,,,,,,,,,,,,,,,,,,,,,
300.97,6.8628,659.46,0.0015164,278.15,288.55,1.2924,1.1613,10.946,,,,,,,,,,,,,,,,,,,,,,,,,,,,,,,,,,,,,,,
301.04,6.8743,657.83,0.0015202,278.52,288.97,1.2937,1.1651,11.175,,,,,,,,,,,,,,,,,,,,,,,,,,,,,,,,,,,,,,,
301.11,6.8857,656.17,0.001524,278.9,289.4,1.295,1.1691,11.416,,,,,,,,,,,,,,,,,,,,,,,,,,,,,,,,,,,,,,,
301.18,6.8971,654.5,0.0015279,279.28,289.82,1.2964,1.1732,11.669,,,,,,,,,,,,,,,,,,,,,,,,,,,,,,,,,,,,,,,
301.26,6.9086,652.8,0.0015319,279.67,290.25,1.2978,1.1774,11.935,,,,,,,,,,,,,,,,,,,,,,,,,,,,,,,,,,,,,,,
301.33,6.92,651.08,0.0015359,280.06,290.69,1.2992,1.1818,12.214,,,,,,,,,,,,,,,,,,,,,,,,,,,,,,,,,,,,,,,
301.4,6.9314,649.34,0.00154,280.45,291.13,1.3006,1.1863,12.51,,,,,,,,,,,,,,,,,,,,,,,,,,,,,,,,,,,,,,,
301.47,6.9429,647.57,0.0015442,280.85,291.57,1.302,1.191,12.821,,,,,,,,,,,,,,,,,,,,,,,,,,,,,,,,,,,,,,,
301.55,6.9543,645.77,0.0015485,281.26,292.02,1.3034,1.1958,13.151,,,,,,,,,,,,,,,,,,,,,,,,,,,,,,,,,,,,,,,
301.62,6.9657,643.95,0.0015529,281.66,292.48,1.3049,1.2009,13.501,,,,,,,,,,,,,,,,,,,,,,,,,,,,,,,,,,,,,,,
301.69,6.9772,642.1,0.0015574,282.08,292.94,1.3063,1.2061,13.871,,,,,,,,,,,,,,,,,,,,,,,,,,,,,,,,,,,,,,,
301.76,6.9886,640.22,0.001562,282.49,293.41,1.3078,1.2116,14.266,,,,,,,,,,,,,,,,,,,,,,,,,,,,,,,,,,,,,,,
301.83,7,638.3,0.0015667,282.92,293.88,1.3093,1.2173,14.686,,,,,,,,,,,,,,,,,,,,,,,,,,,,,,,,,,,,,,,
301.9,7.0115,636.35,0.0015715,283.34,294.36,1.3109,1.2232,15.135,,,,,,,,,,,,,,,,,,,,,,,,,,,,,,,,,,,,,,,
301.98,7.0229,634.37,0.0015764,283.78,294.85,1.3124,1.2294,15.615,,,,,,,,,,,,,,,,,,,,,,,,,,,,,,,,,,,,,,,
302.05,7.0343,632.35,0.0015814,284.22,295.34,1.314,1.2359,16.13,,,,,,,,,,,,,,,,,,,,,,,,,,,,,,,,,,,,,,,
302.12,7.0458,630.29,0.0015866,284.67,295.85,1.3156,1.2426,16.684,,,,,,,,,,,,,,,,,,,,,,,,,,,,,,,,,,,,,,,
302.19,7.0572,628.19,0.0015919,285.12,296.36,1.3172,1.2497,17.281,,,,,,,,,,,,,,,,,,,,,,,,,,,,,,,,,,,,,,,
302.26,7.0686,626.05,0.0015973,285.58,296.87,1.3189,1.2572,17.927,,,,,,,,,,,,,,,,,,,,,,,,,,,,,,,,,,,,,,,
302.33,7.0801,623.86,0.0016029,286.05,297.4,1.3206,1.2651,18.628,,,,,,,,,,,,,,,,,,,,,,,,,,,,,,,,,,,,,,,
302.4,7.0915,621.62,0.0016087,286.53,297.94,1.3223,1.2734,19.39,,,,,,,,,,,,,,,,,,,,,,,,,,,,,,,,,,,,,,,
302.47,7.1029,619.32,0.0016147,287.02,298.49,1.324,1.2822,20.224,,,,,,,,,,,,,,,,,,,,,,,,,,,,,,,,,,,,,,,
302.54,7.1144,616.97,0.0016208,287.52,299.05,1.3258,1.2915,21.137,,,,,,,,,,,,,,,,,,,,,,,,,,,,,,,,,,,,,,,
302.61,7.1258,614.56,0.0016272,288.03,299.62,1.3277,1.3014,22.143,,,,,,,,,,,,,,,,,,,,,,,,,,,,,,,,,,,,,,,
302.68,7.1372,612.08,0.0016338,288.54,300.21,1.3295,1.3119,23.257,,,,,,,,,,,,,,,,,,,,,,,,,,,,,,,,,,,,,,,
302.75,7.1487,609.53,0.0016406,289.08,300.8,1.3314,1.3232,24.495,,,,,,,,,,,,,,,,,,,,,,,,,,,,,,,,,,,,,,,
302.82,7.1601,606.9,0.0016477,289.62,301.42,1.3334,1.3353,25.879,,,,,,,,,,,,,,,,,,,,,,,,,,,,,,,,,,,,,,,
302.89,7.1715,604.19,0.0016551,290.18,302.05,1.3354,1.3483,27.436,,,,,,,,,,,,,,,,,,,,,,,,,,,,,,,,,,,,,,,
302.96,7.183,601.39,0.0016628,290.76,302.7,1.3375,1.3623,29.2,,,,,,,,,,,,,,,,,,,,,,,,,,,,,,,,,,,,,,,
303.03,7.1944,598.48,0.0016709,291.35,303.37,1.3397,1.3775,31.213,,,,,,,,,,,,,,,,,,,,,,,,,,,,,,,,,,,,,,,
303.1,7.2058,595.46,0.0016794,291.96,304.06,1.3419,1.394,33.53,,,,,,,,,,,,,,,,,,,,,,,,,,,,,,,,,,,,,,,
303.17,7.2172,592.32,0.0016883,292.59,304.78,1.3442,1.4121,36.222,,,,,,,,,,,,,,,,,,,,,,,,,,,,,,,,,,,,,,,
303.24,7.2287,589.04,0.0016977,293.25,305.53,1.3466,1.432,39.385,,,,,,,,,,,,,,,,,,,,,,,,,,,,,,,,,,,,,,,
303.31,7.2401,585.6,0.0017077,293.94,306.3,1.3491,1.454,43.147,,,,,,,,,,,,,,,,,,,,,,,,,,,,,,,,,,,,,,,
303.38,7.2515,581.98,0.0017183,294.65,307.11,1.3517,1.4785,47.688,,,,,,,,,,,,,,,,,,,,,,,,,,,,,,,,,,,,,,,
303.45,7.263,578.15,0.0017297,295.41,307.97,1.3544,1.506,53.264,,,,,,,,,,,,,,,,,,,,,,,,,,,,,,,,,,,,,,,
303.52,7.2744,574.08,0.0017419,296.2,308.87,1.3574,1.5373,60.253,,,,,,,,,,,,,,,,,,,,,,,,,,,,,,,,,,,,,,,
303.59,7.2858,569.73,0.0017552,297.05,309.83,1.3605,1.5731,69.235,,,,,,,,,,,,,,,,,,,,,,,,,,,,,,,,,,,,,,,
303.65,7.2973,565.04,0.0017698,297.95,310.86,1.3638,1.6147,81.145,,,,,,,,,,,,,,,,,,,,,,,,,,,,,,,,,,,,,,,
303.72,7.3087,559.92,0.001786,298.93,311.98,1.3674,1.6639,97.582,,,,,,,,,,,,,,,,,,,,,,,,,,,,,,,,,,,,,,,
303.79,7.3201,554.25,0.0018042,300,313.21,1.3714,1.7235,121.51,,,,,,,,,,,,,,,,,,,,,,,,,,,,,,,,,,,,,,,
303.86,7.3316,547.86,0.0018253,301.21,314.59,1.3759,1.7981,159.02,,,,,,,,,,,,,,,,,,,,,,,,,,,,,,,,,,,,,,,
303.93,7.343,540.43,0.0018504,302.6,316.19,1.381,1.896,224.88,,,,,,,,,,,,,,,,,,,,,,,,,,,,,,,,,,,,,,,
303.99,7.3544,531.31,0.0018822,304.31,318.15,1.3874,2.0361,365.1,,,,,,,,,,,,,,,,,,,,,,,,,,,,,,,,,,,,,,,
304.06,7.3659,518.7,0.0019279,306.65,320.85,1.3962,2.2788,821.68,,,,,,,,,,,,,,,,,,,,,,,,,,,,,,,,,,,,,,,
304.13,7.3773,467.6,0.0021386,316.47,332.25,1.4336,undefined,undefined,,,,,,,,,,,,,,,,,,,,,,,,,,,,,,,,,,,,,,,
