Temperature (K)	Pressure (MPa)	Density (kg/m3)	Volume (m3/kg)	Internal Energy (kJ/kg)	Enthalpy (kJ/kg)	Entropy (J/g*K)	Cv (J/g*K)	Cp (J/g*K)	Sound Spd. (m/s)	Joule-Thomson (K/MPa)	Viscosity (uPa*s)	Therm. Cond. (W/m*K)	Phase
308.15	0.88698	1167.5	0.00085653	248.25	249.01	1.1670	0.92615	1.4709	459.90	0.071439	172.00	0.076853	liquid
308.15	0.88698	1167.5	0.00085653	248.25	249.01	1.1670	0.92615	1.4709	459.90	0.071439	172.00	0.076853	liquid
308.15	0.88698	43.416	0.023033	396.76	417.19	1.7128	0.86906	1.1028	141.86	23.626	12.132	0.014874	vapor
308.39	0.88698	43.343	0.023072	396.99	417.46	1.7137	0.86858	1.1011	142.01	23.529	12.143	0.014890	vapor
308.64	0.88698	43.271	0.023110	397.23	417.72	1.7145	0.86813	1.0994	142.16	23.433	12.154	0.014905	vapor
308.88	0.88698	43.199	0.023149	397.46	417.99	1.7154	0.86768	1.0977	142.31	23.337	12.165	0.014921	vapor
309.12	0.88698	43.127	0.023187	397.69	418.26	1.7163	0.86726	1.0960	142.45	23.242	12.175	0.014936	vapor
309.37	0.88698	43.056	0.023225	397.92	418.52	1.7171	0.86684	1.0944	142.60	23.148	12.186	0.014952	vapor
309.61	0.88698	42.986	0.023263	398.16	418.79	1.7180	0.86644	1.0928	142.74	23.055	12.197	0.014967	vapor
309.85	0.88698	42.916	0.023301	398.39	419.05	1.7188	0.86606	1.0913	142.89	22.962	12.207	0.014983	vapor
310.09	0.88698	42.846	0.023339	398.62	419.32	1.7197	0.86568	1.0898	143.03	22.870	12.218	0.014999	vapor
310.34	0.88698	42.777	0.023377	398.85	419.58	1.7205	0.86532	1.0883	143.18	22.779	12.229	0.015015	vapor
310.58	0.88698	42.708	0.023415	399.08	419.85	1.7214	0.86498	1.0869	143.32	22.689	12.239	0.015031	vapor
310.82	0.88698	42.640	0.023452	399.31	420.11	1.7222	0.86464	1.0854	143.46	22.600	12.250	0.015047	vapor
311.07	0.88698	42.572	0.023490	399.54	420.38	1.7231	0.86432	1.0841	143.60	22.511	12.261	0.015063	vapor
311.31	0.88698	42.504	0.023527	399.77	420.64	1.7239	0.86401	1.0827	143.75	22.423	12.272	0.015079	vapor
311.55	0.88698	42.437	0.023565	400.00	420.90	1.7248	0.86371	1.0814	143.89	22.336	12.282	0.015095	vapor
311.80	0.88698	42.370	0.023602	400.23	421.17	1.7256	0.86342	1.0800	144.03	22.249	12.293	0.015111	vapor
312.04	0.88698	42.303	0.023639	400.46	421.43	1.7265	0.86315	1.0788	144.17	22.163	12.303	0.015127	vapor
312.28	0.88698	42.237	0.023676	400.69	421.69	1.7273	0.86288	1.0775	144.31	22.078	12.314	0.015143	vapor
312.53	0.88698	42.172	0.023713	400.92	421.95	1.7281	0.86263	1.0763	144.44	21.994	12.325	0.015160	vapor
312.77	0.88698	42.106	0.023749	401.15	422.21	1.7290	0.86238	1.0751	144.58	21.910	12.335	0.015176	vapor
313.01	0.88698	42.041	0.023786	401.38	422.47	1.7298	0.86215	1.0739	144.72	21.827	12.346	0.015192	vapor
313.25	0.88698	41.977	0.023823	401.61	422.74	1.7306	0.86193	1.0727	144.86	21.744	12.357	0.015209	vapor
313.50	0.88698	41.912	0.023859	401.83	423.00	1.7315	0.86171	1.0716	144.99	21.662	12.367	0.015225	vapor
313.74	0.88698	41.848	0.023896	402.06	423.26	1.7323	0.86151	1.0705	145.13	21.581	12.378	0.015241	vapor
313.98	0.88698	41.785	0.023932	402.29	423.52	1.7331	0.86131	1.0694	145.26	21.500	12.388	0.015258	vapor
314.23	0.88698	41.721	0.023968	402.52	423.78	1.7340	0.86113	1.0683	145.40	21.420	12.399	0.015274	vapor
314.47	0.88698	41.659	0.024005	402.74	424.04	1.7348	0.86095	1.0673	145.53	21.341	12.410	0.015291	vapor
314.71	0.88698	41.596	0.024041	402.97	424.30	1.7356	0.86078	1.0663	145.67	21.262	12.420	0.015307	vapor
314.96	0.88698	41.534	0.024077	403.20	424.55	1.7364	0.86062	1.0653	145.80	21.183	12.431	0.015324	vapor
315.20	0.88698	41.472	0.024113	403.43	424.81	1.7373	0.86047	1.0643	145.94	21.106	12.441	0.015341	vapor
315.44	0.88698	41.410	0.024149	403.65	425.07	1.7381	0.86032	1.0633	146.07	21.029	12.452	0.015357	vapor
315.69	0.88698	41.349	0.024184	403.88	425.33	1.7389	0.86019	1.0624	146.20	20.952	12.462	0.015374	vapor
315.93	0.88698	41.288	0.024220	404.11	425.59	1.7397	0.86006	1.0614	146.33	20.876	12.473	0.015391	vapor
316.17	0.88698	41.227	0.024256	404.33	425.85	1.7405	0.85994	1.0605	146.46	20.801	12.484	0.015408	vapor
316.41	0.88698	41.167	0.024291	404.56	426.10	1.7413	0.85983	1.0596	146.59	20.726	12.494	0.015424	vapor
316.66	0.88698	41.107	0.024327	404.78	426.36	1.7422	0.85972	1.0588	146.73	20.651	12.505	0.015441	vapor
316.90	0.88698	41.047	0.024362	405.01	426.62	1.7430	0.85962	1.0579	146.86	20.577	12.515	0.015458	vapor
317.14	0.88698	40.987	0.024398	405.24	426.88	1.7438	0.85953	1.0571	146.98	20.504	12.526	0.015475	vapor
317.39	0.88698	40.928	0.024433	405.46	427.13	1.7446	0.85945	1.0562	147.11	20.431	12.536	0.015492	vapor
317.63	0.88698	40.869	0.024468	405.69	427.39	1.7454	0.85937	1.0554	147.24	20.359	12.547	0.015509	vapor
317.87	0.88698	40.811	0.024503	405.91	427.65	1.7462	0.85930	1.0546	147.37	20.287	12.557	0.015526	vapor
318.12	0.88698	40.752	0.024538	406.14	427.90	1.7470	0.85924	1.0539	147.50	20.216	12.568	0.015543	vapor
318.36	0.88698	40.694	0.024573	406.36	428.16	1.7478	0.85918	1.0531	147.63	20.145	12.578	0.015560	vapor
318.60	0.88698	40.637	0.024608	406.59	428.41	1.7486	0.85913	1.0523	147.75	20.075	12.589	0.015577	vapor
318.85	0.88698	40.579	0.024643	406.81	428.67	1.7494	0.85908	1.0516	147.88	20.005	12.599	0.015594	vapor
319.09	0.88698	40.522	0.024678	407.04	428.93	1.7502	0.85904	1.0509	148.01	19.936	12.610	0.015611	vapor
319.33	0.88698	40.465	0.024713	407.26	429.18	1.7510	0.85901	1.0502	148.13	19.867	12.620	0.015628	vapor
319.57	0.88698	40.408	0.024747	407.49	429.44	1.7518	0.85898	1.0495	148.26	19.798	12.631	0.015645	vapor
319.82	0.88698	40.352	0.024782	407.71	429.69	1.7526	0.85896	1.0488	148.38	19.730	12.641	0.015663	vapor
320.06	0.88698	40.296	0.024816	407.93	429.95	1.7534	0.85895	1.0482	148.51	19.663	12.652	0.015680	vapor
320.30	0.88698	40.240	0.024851	408.16	430.20	1.7542	0.85893	1.0475	148.63	19.596	12.662	0.015697	vapor
320.55	0.88698	40.184	0.024885	408.38	430.45	1.7550	0.85893	1.0469	148.76	19.529	12.673	0.015714	vapor
320.79	0.88698	40.129	0.024920	408.61	430.71	1.7558	0.85893	1.0462	148.88	19.463	12.683	0.015731	vapor
321.03	0.88698	40.074	0.024954	408.83	430.96	1.7566	0.85893	1.0456	149.01	19.397	12.693	0.015749	vapor
321.28	0.88698	40.019	0.024988	409.05	431.22	1.7574	0.85894	1.0450	149.13	19.332	12.704	0.015766	vapor
321.52	0.88698	39.964	0.025022	409.28	431.47	1.7582	0.85896	1.0444	149.25	19.267	12.714	0.015783	vapor
321.76	0.88698	39.910	0.025056	409.50	431.73	1.7590	0.85898	1.0439	149.37	19.203	12.725	0.015801	vapor
322.01	0.88698	39.856	0.025091	409.72	431.98	1.7597	0.85900	1.0433	149.50	19.138	12.735	0.015818	vapor
322.25	0.88698	39.802	0.025125	409.95	432.23	1.7605	0.85903	1.0427	149.62	19.075	12.746	0.015835	vapor
322.49	0.88698	39.748	0.025158	410.17	432.49	1.7613	0.85906	1.0422	149.74	19.012	12.756	0.015853	vapor
322.74	0.88698	39.695	0.025192	410.39	432.74	1.7621	0.85910	1.0417	149.86	18.949	12.766	0.015870	vapor
322.98	0.88698	39.641	0.025226	410.62	432.99	1.7629	0.85914	1.0411	149.98	18.886	12.777	0.015888	vapor
323.22	0.88698	39.588	0.025260	410.84	433.25	1.7637	0.85919	1.0406	150.10	18.824	12.787	0.015905	vapor
323.46	0.88698	39.536	0.025294	411.06	433.50	1.7645	0.85924	1.0401	150.22	18.762	12.798	0.015923	vapor
323.71	0.88698	39.483	0.025327	411.29	433.75	1.7652	0.85929	1.0396	150.34	18.701	12.808	0.015940	vapor
323.95	0.88698	39.431	0.025361	411.51	434.00	1.7660	0.85935	1.0391	150.46	18.640	12.818	0.015958	vapor
324.19	0.88698	39.379	0.025394	411.73	434.26	1.7668	0.85942	1.0387	150.58	18.580	12.829	0.015975	vapor
324.44	0.88698	39.327	0.025428	411.95	434.51	1.7676	0.85948	1.0382	150.70	18.519	12.839	0.015993	vapor
324.68	0.88698	39.275	0.025461	412.18	434.76	1.7684	0.85955	1.0377	150.82	18.460	12.850	0.016010	vapor
324.92	0.88698	39.224	0.025495	412.40	435.01	1.7691	0.85963	1.0373	150.93	18.400	12.860	0.016028	vapor
325.17	0.88698	39.173	0.025528	412.62	435.27	1.7699	0.85971	1.0369	151.05	18.341	12.870	0.016046	vapor
325.41	0.88698	39.122	0.025561	412.85	435.52	1.7707	0.85979	1.0364	151.17	18.282	12.881	0.016063	vapor
325.65	0.88698	39.071	0.025594	413.07	435.77	1.7715	0.85987	1.0360	151.29	18.224	12.891	0.016081	vapor
325.90	0.88698	39.020	0.025628	413.29	436.02	1.7722	0.85996	1.0356	151.40	18.166	12.901	0.016098	vapor
326.14	0.88698	38.970	0.025661	413.51	436.27	1.7730	0.86005	1.0352	151.52	18.108	12.912	0.016116	vapor
326.38	0.88698	38.920	0.025694	413.73	436.52	1.7738	0.86015	1.0348	151.64	18.050	12.922	0.016134	vapor
326.62	0.88698	38.870	0.025727	413.96	436.78	1.7745	0.86025	1.0344	151.75	17.993	12.932	0.016152	vapor
326.87	0.88698	38.820	0.025760	414.18	437.03	1.7753	0.86035	1.0340	151.87	17.937	12.943	0.016169	vapor
327.11	0.88698	38.771	0.025793	414.40	437.28	1.7761	0.86046	1.0337	151.98	17.880	12.953	0.016187	vapor
327.35	0.88698	38.721	0.025826	414.62	437.53	1.7768	0.86056	1.0333	152.10	17.824	12.963	0.016205	vapor
327.60	0.88698	38.672	0.025858	414.85	437.78	1.7776	0.86068	1.0329	152.21	17.768	12.974	0.016222	vapor
327.84	0.88698	38.623	0.025891	415.07	438.03	1.7784	0.86079	1.0326	152.33	17.713	12.984	0.016240	vapor
328.08	0.88698	38.574	0.025924	415.29	438.28	1.7791	0.86091	1.0323	152.44	17.658	12.994	0.016258	vapor
328.33	0.88698	38.526	0.025957	415.51	438.53	1.7799	0.86103	1.0319	152.55	17.603	13.005	0.016276	vapor
328.57	0.88698	38.477	0.025989	415.73	438.78	1.7807	0.86115	1.0316	152.67	17.549	13.015	0.016294	vapor
328.81	0.88698	38.429	0.026022	415.95	439.04	1.7814	0.86128	1.0313	152.78	17.494	13.025	0.016311	vapor
329.06	0.88698	38.381	0.026054	416.18	439.29	1.7822	0.86141	1.0310	152.89	17.440	13.035	0.016329	vapor
329.30	0.88698	38.333	0.026087	416.40	439.54	1.7830	0.86154	1.0307	153.01	17.387	13.046	0.016347	vapor
329.54	0.88698	38.286	0.026119	416.62	439.79	1.7837	0.86167	1.0304	153.12	17.333	13.056	0.016365	vapor
329.78	0.88698	38.238	0.026152	416.84	440.04	1.7845	0.86181	1.0301	153.23	17.280	13.066	0.016383	vapor
330.03	0.88698	38.191	0.026184	417.06	440.29	1.7852	0.86195	1.0298	153.34	17.228	13.077	0.016401	vapor
330.27	0.88698	38.144	0.026217	417.28	440.54	1.7860	0.86209	1.0295	153.46	17.175	13.087	0.016419	vapor
330.51	0.88698	38.097	0.026249	417.51	440.79	1.7867	0.86224	1.0292	153.57	17.123	13.097	0.016437	vapor
330.76	0.88698	38.050	0.026281	417.73	441.04	1.7875	0.86239	1.0290	153.68	17.071	13.107	0.016455	vapor
331.00	0.88698	38.004	0.026313	417.95	441.29	1.7883	0.86254	1.0287	153.79	17.020	13.118	0.016473	vapor
331.24	0.88698	37.957	0.026345	418.17	441.54	1.7890	0.86269	1.0284	153.90	16.968	13.128	0.016490	vapor
331.49	0.88698	37.911	0.026378	418.39	441.79	1.7898	0.86284	1.0282	154.01	16.917	13.138	0.016508	vapor
331.73	0.88698	37.865	0.026410	418.61	442.04	1.7905	0.86300	1.0280	154.12	16.867	13.148	0.016526	vapor
331.97	0.88698	37.819	0.026442	418.84	442.29	1.7913	0.86316	1.0277	154.23	16.816	13.159	0.016544	vapor
332.22	0.88698	37.773	0.026474	419.06	442.54	1.7920	0.86332	1.0275	154.34	16.766	13.169	0.016562	vapor
332.46	0.88698	37.728	0.026506	419.28	442.79	1.7928	0.86348	1.0273	154.45	16.716	13.179	0.016580	vapor
332.70	0.88698	37.682	0.026538	419.50	443.04	1.7935	0.86365	1.0270	154.56	16.666	13.189	0.016598	vapor
332.94	0.88698	37.637	0.026569	419.72	443.29	1.7943	0.86382	1.0268	154.67	16.617	13.200	0.016616	vapor
333.19	0.88698	37.592	0.026601	419.94	443.54	1.7950	0.86399	1.0266	154.78	16.567	13.210	0.016635	vapor
333.43	0.88698	37.547	0.026633	420.16	443.79	1.7958	0.86416	1.0264	154.89	16.519	13.220	0.016653	vapor
333.67	0.88698	37.503	0.026665	420.38	444.04	1.7965	0.86433	1.0262	154.99	16.470	13.230	0.016671	vapor
333.92	0.88698	37.458	0.026697	420.61	444.29	1.7973	0.86451	1.0260	155.10	16.421	13.240	0.016689	vapor
334.16	0.88698	37.414	0.026728	420.83	444.53	1.7980	0.86469	1.0258	155.21	16.373	13.251	0.016707	vapor
334.40	0.88698	37.369	0.026760	421.05	444.78	1.7988	0.86487	1.0256	155.32	16.325	13.261	0.016725	vapor
334.65	0.88698	37.325	0.026791	421.27	445.03	1.7995	0.86505	1.0255	155.43	16.278	13.271	0.016743	vapor
334.89	0.88698	37.281	0.026823	421.49	445.28	1.8003	0.86523	1.0253	155.53	16.230	13.281	0.016761	vapor
335.13	0.88698	37.238	0.026855	421.71	445.53	1.8010	0.86542	1.0251	155.64	16.183	13.291	0.016779	vapor
335.38	0.88698	37.194	0.026886	421.93	445.78	1.8017	0.86561	1.0250	155.75	16.136	13.302	0.016797	vapor
335.62	0.88698	37.151	0.026918	422.15	446.03	1.8025	0.86580	1.0248	155.85	16.089	13.312	0.016816	vapor
335.86	0.88698	37.107	0.026949	422.38	446.28	1.8032	0.86599	1.0246	155.96	16.043	13.322	0.016834	vapor
336.10	0.88698	37.064	0.026980	422.60	446.53	1.8040	0.86618	1.0245	156.06	15.996	13.332	0.016852	vapor
336.35	0.88698	37.021	0.027012	422.82	446.78	1.8047	0.86637	1.0243	156.17	15.950	13.342	0.016870	vapor
336.59	0.88698	36.978	0.027043	423.04	447.03	1.8055	0.86657	1.0242	156.28	15.904	13.352	0.016888	vapor
336.83	0.88698	36.935	0.027074	423.26	447.28	1.8062	0.86677	1.0241	156.38	15.859	13.363	0.016906	vapor
337.08	0.88698	36.893	0.027105	423.48	447.52	1.8069	0.86697	1.0239	156.49	15.813	13.373	0.016925	vapor
337.32	0.88698	36.850	0.027137	423.70	447.77	1.8077	0.86717	1.0238	156.59	15.768	13.383	0.016943	vapor
337.56	0.88698	36.808	0.027168	423.92	448.02	1.8084	0.86737	1.0237	156.70	15.723	13.393	0.016961	vapor
337.81	0.88698	36.766	0.027199	424.15	448.27	1.8091	0.86758	1.0235	156.80	15.679	13.403	0.016979	vapor
338.05	0.88698	36.724	0.027230	424.37	448.52	1.8099	0.86778	1.0234	156.91	15.634	13.413	0.016998	vapor
338.29	0.88698	36.682	0.027261	424.59	448.77	1.8106	0.86799	1.0233	157.01	15.590	13.423	0.017016	vapor
338.54	0.88698	36.640	0.027292	424.81	449.02	1.8113	0.86820	1.0232	157.11	15.546	13.434	0.017034	vapor
338.78	0.88698	36.599	0.027323	425.03	449.27	1.8121	0.86841	1.0231	157.22	15.502	13.444	0.017052	vapor
339.02	0.88698	36.557	0.027354	425.25	449.51	1.8128	0.86862	1.0230	157.32	15.458	13.454	0.017071	vapor
339.26	0.88698	36.516	0.027385	425.47	449.76	1.8136	0.86883	1.0229	157.42	15.415	13.464	0.017089	vapor
339.51	0.88698	36.475	0.027416	425.69	450.01	1.8143	0.86905	1.0228	157.53	15.372	13.474	0.017107	vapor
339.75	0.88698	36.434	0.027447	425.92	450.26	1.8150	0.86926	1.0227	157.63	15.329	13.484	0.017126	vapor
339.99	0.88698	36.393	0.027478	426.14	450.51	1.8157	0.86948	1.0226	157.73	15.286	13.494	0.017144	vapor
340.24	0.88698	36.352	0.027509	426.36	450.76	1.8165	0.86970	1.0225	157.83	15.243	13.504	0.017162	vapor
340.48	0.88698	36.312	0.027539	426.58	451.01	1.8172	0.86992	1.0225	157.94	15.201	13.515	0.017180	vapor
340.72	0.88698	36.271	0.027570	426.80	451.25	1.8179	0.87014	1.0224	158.04	15.158	13.525	0.017199	vapor
340.97	0.88698	36.231	0.027601	427.02	451.50	1.8187	0.87037	1.0223	158.14	15.116	13.535	0.017217	vapor
341.21	0.88698	36.191	0.027631	427.24	451.75	1.8194	0.87059	1.0222	158.24	15.074	13.545	0.017235	vapor
341.45	0.88698	36.151	0.027662	427.46	452.00	1.8201	0.87082	1.0222	158.34	15.033	13.555	0.017254	vapor
341.70	0.88698	36.111	0.027693	427.69	452.25	1.8209	0.87104	1.0221	158.44	14.991	13.565	0.017272	vapor
341.94	0.88698	36.071	0.027723	427.91	452.50	1.8216	0.87127	1.0221	158.55	14.950	13.575	0.017291	vapor
342.18	0.88698	36.031	0.027754	428.13	452.75	1.8223	0.87150	1.0220	158.65	14.909	13.585	0.017309	vapor
342.42	0.88698	35.991	0.027784	428.35	452.99	1.8230	0.87173	1.0219	158.75	14.868	13.595	0.017327	vapor
342.67	0.88698	35.952	0.027815	428.57	453.24	1.8238	0.87196	1.0219	158.85	14.827	13.605	0.017346	vapor
342.91	0.88698	35.913	0.027845	428.79	453.49	1.8245	0.87219	1.0218	158.95	14.787	13.615	0.017364	vapor
343.15	0.88698	35.873	0.027876	429.01	453.74	1.8252	0.87243	1.0218	159.05	14.746	13.625	0.017383	vapor
343.40	0.88698	35.834	0.027906	429.24	453.99	1.8259	0.87266	1.0218	159.15	14.706	13.636	0.017401	vapor
343.64	0.88698	35.795	0.027937	429.46	454.24	1.8266	0.87290	1.0217	159.25	14.666	13.646	0.017419	vapor
343.88	0.88698	35.757	0.027967	429.68	454.48	1.8274	0.87313	1.0217	159.35	14.626	13.656	0.017438	vapor
344.13	0.88698	35.718	0.027997	429.90	454.73	1.8281	0.87337	1.0217	159.45	14.587	13.666	0.017456	vapor
344.37	0.88698	35.679	0.028028	430.12	454.98	1.8288	0.87361	1.0216	159.55	14.547	13.676	0.017475	vapor
344.61	0.88698	35.641	0.028058	430.34	455.23	1.8295	0.87385	1.0216	159.65	14.508	13.686	0.017493	vapor
344.86	0.88698	35.602	0.028088	430.56	455.48	1.8303	0.87409	1.0216	159.74	14.469	13.696	0.017512	vapor
345.10	0.88698	35.564	0.028118	430.79	455.73	1.8310	0.87434	1.0216	159.84	14.430	13.706	0.017530	vapor
345.34	0.88698	35.526	0.028148	431.01	455.97	1.8317	0.87458	1.0215	159.94	14.391	13.716	0.017548	vapor
345.58	0.88698	35.488	0.028179	431.23	456.22	1.8324	0.87482	1.0215	160.04	14.353	13.726	0.017567	vapor
345.83	0.88698	35.450	0.028209	431.45	456.47	1.8331	0.87507	1.0215	160.14	14.314	13.736	0.017585	vapor
346.07	0.88698	35.412	0.028239	431.67	456.72	1.8339	0.87532	1.0215	160.24	14.276	13.746	0.017604	vapor
346.31	0.88698	35.375	0.028269	431.89	456.97	1.8346	0.87556	1.0215	160.33	14.238	13.756	0.017622	vapor
346.56	0.88698	35.337	0.028299	432.12	457.22	1.8353	0.87581	1.0215	160.43	14.200	13.766	0.017641	vapor
346.80	0.88698	35.300	0.028329	432.34	457.46	1.8360	0.87606	1.0215	160.53	14.162	13.776	0.017659	vapor
347.04	0.88698	35.262	0.028359	432.56	457.71	1.8367	0.87631	1.0215	160.63	14.125	13.786	0.017678	vapor
347.29	0.88698	35.225	0.028389	432.78	457.96	1.8374	0.87656	1.0215	160.72	14.087	13.796	0.017696	vapor
347.53	0.88698	35.188	0.028419	433.00	458.21	1.8381	0.87682	1.0215	160.82	14.050	13.806	0.017715	vapor
347.77	0.88698	35.151	0.028449	433.22	458.46	1.8389	0.87707	1.0215	160.92	14.013	13.816	0.017733	vapor
348.02	0.88698	35.114	0.028479	433.45	458.71	1.8396	0.87732	1.0215	161.01	13.976	13.826	0.017752	vapor
348.26	0.88698	35.077	0.028508	433.67	458.95	1.8403	0.87758	1.0215	161.11	13.939	13.836	0.017770	vapor
348.50	0.88698	35.041	0.028538	433.89	459.20	1.8410	0.87783	1.0216	161.21	13.902	13.846	0.017789	vapor
348.74	0.88698	35.004	0.028568	434.11	459.45	1.8417	0.87809	1.0216	161.30	13.866	13.856	0.017808	vapor
348.99	0.88698	34.968	0.028598	434.33	459.70	1.8424	0.87835	1.0216	161.40	13.830	13.866	0.017826	vapor
349.23	0.88698	34.931	0.028627	434.56	459.95	1.8431	0.87861	1.0216	161.49	13.793	13.876	0.017845	vapor
349.47	0.88698	34.895	0.028657	434.78	460.20	1.8438	0.87886	1.0216	161.59	13.757	13.886	0.017863	vapor
349.72	0.88698	34.859	0.028687	435.00	460.44	1.8446	0.87912	1.0217	161.69	13.721	13.896	0.017882	vapor
349.96	0.88698	34.823	0.028717	435.22	460.69	1.8453	0.87938	1.0217	161.78	13.686	13.906	0.017900	vapor
350.20	0.88698	34.787	0.028746	435.44	460.94	1.8460	0.87965	1.0217	161.88	13.650	13.916	0.017919	vapor
350.45	0.88698	34.751	0.028776	435.67	461.19	1.8467	0.87991	1.0218	161.97	13.615	13.926	0.017938	vapor
350.69	0.88698	34.716	0.028805	435.89	461.44	1.8474	0.88017	1.0218	162.07	13.579	13.936	0.017956	vapor
350.93	0.88698	34.680	0.028835	436.11	461.69	1.8481	0.88044	1.0218	162.16	13.544	13.946	0.017975	vapor
351.18	0.88698	34.645	0.028865	436.33	461.93	1.8488	0.88070	1.0219	162.25	13.509	13.956	0.017993	vapor
351.42	0.88698	34.609	0.028894	436.55	462.18	1.8495	0.88097	1.0219	162.35	13.474	13.966	0.018012	vapor
351.66	0.88698	34.574	0.028924	436.78	462.43	1.8502	0.88123	1.0220	162.44	13.440	13.976	0.018031	vapor
351.91	0.88698	34.539	0.028953	437.00	462.68	1.8509	0.88150	1.0220	162.54	13.405	13.986	0.018049	vapor
352.15	0.88698	34.504	0.028983	437.22	462.93	1.8516	0.88177	1.0221	162.63	13.371	13.996	0.018068	vapor
352.39	0.88698	34.469	0.029012	437.44	463.18	1.8523	0.88203	1.0221	162.73	13.336	14.006	0.018086	vapor
352.63	0.88698	34.434	0.029041	437.67	463.42	1.8530	0.88230	1.0222	162.82	13.302	14.016	0.018105	vapor
352.88	0.88698	34.399	0.029071	437.89	463.67	1.8538	0.88257	1.0222	162.91	13.268	14.025	0.018124	vapor
353.12	0.88698	34.364	0.029100	438.11	463.92	1.8545	0.88284	1.0223	163.01	13.234	14.035	0.018142	vapor
353.36	0.88698	34.330	0.029129	438.33	464.17	1.8552	0.88311	1.0224	163.10	13.201	14.045	0.018161	vapor
353.61	0.88698	34.295	0.029159	438.56	464.42	1.8559	0.88339	1.0224	163.19	13.167	14.055	0.018180	vapor
353.85	0.88698	34.261	0.029188	438.78	464.67	1.8566	0.88366	1.0225	163.28	13.134	14.065	0.018198	vapor
354.09	0.88698	34.226	0.029217	439.00	464.92	1.8573	0.88393	1.0225	163.38	13.100	14.075	0.018217	vapor
354.34	0.88698	34.192	0.029247	439.22	465.16	1.8580	0.88421	1.0226	163.47	13.067	14.085	0.018236	vapor
354.58	0.88698	34.158	0.029276	439.45	465.41	1.8587	0.88448	1.0227	163.56	13.034	14.095	0.018254	vapor
354.82	0.88698	34.124	0.029305	439.67	465.66	1.8594	0.88475	1.0228	163.65	13.001	14.105	0.018273	vapor
355.07	0.88698	34.090	0.029334	439.89	465.91	1.8601	0.88503	1.0228	163.75	12.968	14.115	0.018292	vapor
355.31	0.88698	34.056	0.029363	440.11	466.16	1.8608	0.88531	1.0229	163.84	12.936	14.125	0.018310	vapor
355.55	0.88698	34.022	0.029392	440.34	466.41	1.8615	0.88558	1.0230	163.93	12.903	14.135	0.018329	vapor
355.79	0.88698	33.989	0.029422	440.56	466.66	1.8622	0.88586	1.0231	164.02	12.871	14.145	0.018348	vapor
356.04	0.88698	33.955	0.029451	440.78	466.90	1.8629	0.88614	1.0231	164.11	12.838	14.154	0.018366	vapor
356.28	0.88698	33.922	0.029480	441.01	467.15	1.8636	0.88642	1.0232	164.21	12.806	14.164	0.018385	vapor
356.52	0.88698	33.888	0.029509	441.23	467.40	1.8643	0.88670	1.0233	164.30	12.774	14.174	0.018404	vapor
356.77	0.88698	33.855	0.029538	441.45	467.65	1.8650	0.88698	1.0234	164.39	12.742	14.184	0.018422	vapor
357.01	0.88698	33.822	0.029567	441.67	467.90	1.8657	0.88726	1.0235	164.48	12.711	14.194	0.018441	vapor
357.25	0.88698	33.789	0.029596	441.90	468.15	1.8664	0.88754	1.0236	164.57	12.679	14.204	0.018460	vapor
357.50	0.88698	33.756	0.029625	442.12	468.40	1.8671	0.88782	1.0237	164.66	12.647	14.214	0.018479	vapor
357.74	0.88698	33.723	0.029654	442.34	468.65	1.8677	0.88810	1.0237	164.75	12.616	14.224	0.018497	vapor
357.98	0.88698	33.690	0.029683	442.57	468.90	1.8684	0.88839	1.0238	164.84	12.585	14.234	0.018516	vapor
358.23	0.88698	33.657	0.029711	442.79	469.14	1.8691	0.88867	1.0239	164.93	12.553	14.243	0.018535	vapor
358.47	0.88698	33.624	0.029740	443.01	469.39	1.8698	0.88895	1.0240	165.02	12.522	14.253	0.018553	vapor
358.71	0.88698	33.592	0.029769	443.24	469.64	1.8705	0.88924	1.0241	165.11	12.491	14.263	0.018572	vapor
358.95	0.88698	33.559	0.029798	443.46	469.89	1.8712	0.88952	1.0242	165.20	12.461	14.273	0.018591	vapor
359.20	0.88698	33.527	0.029827	443.68	470.14	1.8719	0.88981	1.0243	165.29	12.430	14.283	0.018610	vapor
359.44	0.88698	33.495	0.029856	443.91	470.39	1.8726	0.89009	1.0244	165.38	12.399	14.293	0.018628	vapor
359.68	0.88698	33.462	0.029884	444.13	470.64	1.8733	0.89038	1.0245	165.47	12.369	14.303	0.018647	vapor
359.93	0.88698	33.430	0.029913	444.35	470.89	1.8740	0.89067	1.0246	165.56	12.339	14.313	0.018666	vapor
360.17	0.88698	33.398	0.029942	444.58	471.14	1.8747	0.89095	1.0248	165.65	12.308	14.322	0.018685	vapor
360.41	0.88698	33.366	0.029971	444.80	471.39	1.8754	0.89124	1.0249	165.74	12.278	14.332	0.018703	vapor
360.66	0.88698	33.334	0.029999	445.03	471.63	1.8761	0.89153	1.0250	165.83	12.248	14.342	0.018722	vapor
360.90	0.88698	33.302	0.030028	445.25	471.88	1.8768	0.89182	1.0251	165.92	12.218	14.352	0.018741	vapor
361.14	0.88698	33.271	0.030057	445.47	472.13	1.8774	0.89211	1.0252	166.01	12.189	14.362	0.018760	vapor
361.39	0.88698	33.239	0.030085	445.70	472.38	1.8781	0.89240	1.0253	166.10	12.159	14.372	0.018779	vapor
361.63	0.88698	33.207	0.030114	445.92	472.63	1.8788	0.89269	1.0254	166.18	12.129	14.381	0.018797	vapor
361.87	0.88698	33.176	0.030142	446.14	472.88	1.8795	0.89298	1.0256	166.27	12.100	14.391	0.018816	vapor
362.11	0.88698	33.144	0.030171	446.37	473.13	1.8802	0.89327	1.0257	166.36	12.071	14.401	0.018835	vapor
362.36	0.88698	33.113	0.030200	446.59	473.38	1.8809	0.89357	1.0258	166.45	12.041	14.411	0.018854	vapor
362.60	0.88698	33.082	0.030228	446.82	473.63	1.8816	0.89386	1.0259	166.54	12.012	14.421	0.018872	vapor
362.84	0.88698	33.051	0.030257	447.04	473.88	1.8823	0.89415	1.0260	166.62	11.983	14.431	0.018891	vapor
363.09	0.88698	33.020	0.030285	447.26	474.13	1.8830	0.89444	1.0262	166.71	11.954	14.440	0.018910	vapor
363.33	0.88698	32.989	0.030314	447.49	474.38	1.8836	0.89474	1.0263	166.80	11.926	14.450	0.018929	vapor
363.57	0.88698	32.958	0.030342	447.71	474.63	1.8843	0.89503	1.0264	166.89	11.897	14.460	0.018948	vapor
363.82	0.88698	32.927	0.030370	447.94	474.88	1.8850	0.89533	1.0265	166.98	11.868	14.470	0.018966	vapor
364.06	0.88698	32.896	0.030399	448.16	475.13	1.8857	0.89562	1.0267	167.06	11.840	14.480	0.018985	vapor
364.30	0.88698	32.865	0.030427	448.39	475.37	1.8864	0.89592	1.0268	167.15	11.812	14.490	0.019004	vapor
364.55	0.88698	32.835	0.030456	448.61	475.62	1.8871	0.89621	1.0269	167.24	11.783	14.499	0.019023	vapor
364.79	0.88698	32.804	0.030484	448.84	475.87	1.8878	0.89651	1.0271	167.32	11.755	14.509	0.019042	vapor
365.03	0.88698	32.774	0.030512	449.06	476.12	1.8884	0.89681	1.0272	167.41	11.727	14.519	0.019061	vapor
365.27	0.88698	32.743	0.030541	449.28	476.37	1.8891	0.89710	1.0273	167.50	11.699	14.529	0.019079	vapor
365.52	0.88698	32.713	0.030569	449.51	476.62	1.8898	0.89740	1.0275	167.58	11.671	14.539	0.019098	vapor
365.76	0.88698	32.683	0.030597	449.73	476.87	1.8905	0.89770	1.0276	167.67	11.644	14.548	0.019117	vapor
366.00	0.88698	32.652	0.030626	449.96	477.12	1.8912	0.89800	1.0278	167.76	11.616	14.558	0.019136	vapor
366.25	0.88698	32.622	0.030654	450.18	477.37	1.8919	0.89830	1.0279	167.84	11.588	14.568	0.019155	vapor
366.49	0.88698	32.592	0.030682	450.41	477.62	1.8925	0.89860	1.0281	167.93	11.561	14.578	0.019174	vapor
366.73	0.88698	32.562	0.030710	450.63	477.87	1.8932	0.89890	1.0282	168.02	11.534	14.588	0.019192	vapor
366.98	0.88698	32.532	0.030739	450.86	478.12	1.8939	0.89920	1.0283	168.10	11.506	14.597	0.019211	vapor
367.22	0.88698	32.503	0.030767	451.08	478.37	1.8946	0.89950	1.0285	168.19	11.479	14.607	0.019230	vapor
367.46	0.88698	32.473	0.030795	451.31	478.62	1.8953	0.89980	1.0286	168.27	11.452	14.617	0.019249	vapor
367.71	0.88698	32.443	0.030823	451.53	478.87	1.8959	0.90010	1.0288	168.36	11.425	14.627	0.019268	vapor
367.95	0.88698	32.414	0.030851	451.76	479.12	1.8966	0.90040	1.0289	168.44	11.398	14.636	0.019287	vapor
368.19	0.88698	32.384	0.030879	451.98	479.37	1.8973	0.90070	1.0291	168.53	11.372	14.646	0.019306	vapor
368.43	0.88698	32.355	0.030907	452.21	479.62	1.8980	0.90100	1.0292	168.61	11.345	14.656	0.019325	vapor
368.68	0.88698	32.325	0.030936	452.43	479.87	1.8987	0.90131	1.0294	168.70	11.318	14.666	0.019343	vapor
368.92	0.88698	32.296	0.030964	452.66	480.12	1.8993	0.90161	1.0295	168.78	11.292	14.675	0.019362	vapor
369.16	0.88698	32.267	0.030992	452.88	480.37	1.9000	0.90191	1.0297	168.87	11.266	14.685	0.019381	vapor
369.41	0.88698	32.238	0.031020	453.11	480.62	1.9007	0.90222	1.0299	168.95	11.239	14.695	0.019400	vapor
369.65	0.88698	32.209	0.031048	453.34	480.87	1.9014	0.90252	1.0300	169.04	11.213	14.705	0.019419	vapor
369.89	0.88698	32.179	0.031076	453.56	481.12	1.9020	0.90283	1.0302	169.12	11.187	14.715	0.019438	vapor
370.14	0.88698	32.151	0.031104	453.79	481.38	1.9027	0.90313	1.0303	169.21	11.161	14.724	0.019457	vapor
370.38	0.88698	32.122	0.031132	454.01	481.63	1.9034	0.90344	1.0305	169.29	11.135	14.734	0.019476	vapor
370.62	0.88698	32.093	0.031160	454.24	481.88	1.9041	0.90374	1.0307	169.38	11.109	14.744	0.019494	vapor
370.87	0.88698	32.064	0.031188	454.46	482.13	1.9048	0.90405	1.0308	169.46	11.084	14.754	0.019513	vapor
371.11	0.88698	32.035	0.031215	454.69	482.38	1.9054	0.90435	1.0310	169.54	11.058	14.763	0.019532	vapor
371.35	0.88698	32.007	0.031243	454.92	482.63	1.9061	0.90466	1.0312	169.63	11.032	14.773	0.019551	vapor
371.59	0.88698	31.978	0.031271	455.14	482.88	1.9068	0.90497	1.0313	169.71	11.007	14.783	0.019570	vapor
371.84	0.88698	31.950	0.031299	455.37	483.13	1.9075	0.90527	1.0315	169.80	10.982	14.792	0.019589	vapor
372.08	0.88698	31.921	0.031327	455.59	483.38	1.9081	0.90558	1.0317	169.88	10.956	14.802	0.019608	vapor
372.32	0.88698	31.893	0.031355	455.82	483.63	1.9088	0.90589	1.0318	169.96	10.931	14.812	0.019627	vapor
372.57	0.88698	31.865	0.031383	456.05	483.88	1.9095	0.90620	1.0320	170.05	10.906	14.822	0.019646	vapor
372.81	0.88698	31.837	0.031410	456.27	484.13	1.9101	0.90651	1.0322	170.13	10.881	14.831	0.019665	vapor
373.05	0.88698	31.808	0.031438	456.50	484.38	1.9108	0.90681	1.0323	170.21	10.856	14.841	0.019684	vapor
373.30	0.88698	31.780	0.031466	456.72	484.63	1.9115	0.90712	1.0325	170.30	10.831	14.851	0.019702	vapor
373.54	0.88698	31.752	0.031494	456.95	484.89	1.9122	0.90743	1.0327	170.38	10.806	14.861	0.019721	vapor
373.78	0.88698	31.724	0.031522	457.18	485.14	1.9128	0.90774	1.0329	170.46	10.782	14.870	0.019740	vapor
374.03	0.88698	31.696	0.031549	457.40	485.39	1.9135	0.90805	1.0330	170.55	10.757	14.880	0.019759	vapor
374.27	0.88698	31.669	0.031577	457.63	485.64	1.9142	0.90836	1.0332	170.63	10.733	14.890	0.019778	vapor
374.51	0.88698	31.641	0.031605	457.86	485.89	1.9149	0.90867	1.0334	170.71	10.708	14.899	0.019797	vapor
374.75	0.88698	31.613	0.031632	458.08	486.14	1.9155	0.90898	1.0336	170.79	10.684	14.909	0.019816	vapor
375.00	0.88698	31.586	0.031660	458.31	486.39	1.9162	0.90930	1.0338	170.88	10.660	14.919	0.019835	vapor
375.24	0.88698	31.558	0.031688	458.54	486.64	1.9169	0.90961	1.0339	170.96	10.635	14.929	0.019854	vapor
375.48	0.88698	31.530	0.031715	458.76	486.90	1.9175	0.90992	1.0341	171.04	10.611	14.938	0.019873	vapor
375.73	0.88698	31.503	0.031743	458.99	487.15	1.9182	0.91023	1.0343	171.12	10.587	14.948	0.019892	vapor
375.97	0.88698	31.476	0.031771	459.22	487.40	1.9189	0.91054	1.0345	171.20	10.563	14.958	0.019911	vapor
376.21	0.88698	31.448	0.031798	459.45	487.65	1.9195	0.91086	1.0347	171.29	10.540	14.967	0.019930	vapor
376.46	0.88698	31.421	0.031826	459.67	487.90	1.9202	0.91117	1.0349	171.37	10.516	14.977	0.019949	vapor
376.70	0.88698	31.394	0.031853	459.90	488.15	1.9209	0.91148	1.0350	171.45	10.492	14.987	0.019968	vapor
376.94	0.88698	31.367	0.031881	460.13	488.40	1.9215	0.91179	1.0352	171.53	10.469	14.996	0.019987	vapor
377.19	0.88698	31.340	0.031908	460.35	488.66	1.9222	0.91211	1.0354	171.61	10.445	15.006	0.020006	vapor
377.43	0.88698	31.313	0.031936	460.58	488.91	1.9229	0.91242	1.0356	171.69	10.422	15.016	0.020025	vapor
377.67	0.88698	31.286	0.031964	460.81	489.16	1.9235	0.91274	1.0358	171.78	10.398	15.025	0.020043	vapor
377.91	0.88698	31.259	0.031991	461.04	489.41	1.9242	0.91305	1.0360	171.86	10.375	15.035	0.020062	vapor
378.16	0.88698	31.232	0.032019	461.26	489.66	1.9249	0.91337	1.0362	171.94	10.352	15.045	0.020081	vapor
378.40	0.88698	31.205	0.032046	461.49	489.91	1.9255	0.91368	1.0364	172.02	10.329	15.055	0.020100	vapor
378.64	0.88698	31.178	0.032073	461.72	490.17	1.9262	0.91400	1.0366	172.10	10.306	15.064	0.020119	vapor
378.89	0.88698	31.152	0.032101	461.95	490.42	1.9269	0.91431	1.0368	172.18	10.283	15.074	0.020138	vapor
379.13	0.88698	31.125	0.032128	462.17	490.67	1.9275	0.91463	1.0370	172.26	10.260	15.084	0.020157	vapor
379.37	0.88698	31.099	0.032156	462.40	490.92	1.9282	0.91494	1.0371	172.34	10.237	15.093	0.020176	vapor
379.62	0.88698	31.072	0.032183	462.63	491.18	1.9289	0.91526	1.0373	172.42	10.214	15.103	0.020195	vapor
379.86	0.88698	31.046	0.032210	462.86	491.43	1.9295	0.91558	1.0375	172.50	10.192	15.113	0.020214	vapor
380.10	0.88698	31.019	0.032238	463.09	491.68	1.9302	0.91589	1.0377	172.58	10.169	15.122	0.020233	vapor
380.35	0.88698	30.993	0.032265	463.31	491.93	1.9309	0.91621	1.0379	172.66	10.146	15.132	0.020252	vapor
380.59	0.88698	30.967	0.032293	463.54	492.18	1.9315	0.91653	1.0381	172.74	10.124	15.142	0.020271	vapor
380.83	0.88698	30.941	0.032320	463.77	492.44	1.9322	0.91684	1.0383	172.82	10.102	15.151	0.020290	vapor
381.08	0.88698	30.915	0.032347	464.00	492.69	1.9328	0.91716	1.0385	172.90	10.079	15.161	0.020309	vapor
381.32	0.88698	30.888	0.032375	464.23	492.94	1.9335	0.91748	1.0387	172.98	10.057	15.171	0.020328	vapor
381.56	0.88698	30.862	0.032402	464.45	493.19	1.9342	0.91780	1.0389	173.06	10.035	15.180	0.020347	vapor
381.80	0.88698	30.837	0.032429	464.68	493.45	1.9348	0.91812	1.0391	173.14	10.013	15.190	0.020366	vapor
382.05	0.88698	30.811	0.032456	464.91	493.70	1.9355	0.91843	1.0394	173.22	9.9909	15.199	0.020385	vapor
382.29	0.88698	30.785	0.032484	465.14	493.95	1.9362	0.91875	1.0396	173.30	9.9689	15.209	0.020404	vapor
382.53	0.88698	30.759	0.032511	465.37	494.20	1.9368	0.91907	1.0398	173.38	9.9471	15.219	0.020423	vapor
382.78	0.88698	30.733	0.032538	465.60	494.46	1.9375	0.91939	1.0400	173.46	9.9253	15.228	0.020442	vapor
383.02	0.88698	30.708	0.032565	465.83	494.71	1.9381	0.91971	1.0402	173.54	9.9036	15.238	0.020461	vapor
383.26	0.88698	30.682	0.032592	466.05	494.96	1.9388	0.92003	1.0404	173.62	9.8820	15.248	0.020480	vapor
383.51	0.88698	30.656	0.032620	466.28	495.22	1.9395	0.92035	1.0406	173.70	9.8604	15.257	0.020499	vapor
383.75	0.88698	30.631	0.032647	466.51	495.47	1.9401	0.92067	1.0408	173.78	9.8389	15.267	0.020518	vapor
383.99	0.88698	30.605	0.032674	466.74	495.72	1.9408	0.92099	1.0410	173.86	9.8175	15.277	0.020537	vapor
384.24	0.88698	30.580	0.032701	466.97	495.98	1.9414	0.92131	1.0412	173.94	9.7961	15.286	0.020556	vapor
384.48	0.88698	30.555	0.032728	467.20	496.23	1.9421	0.92163	1.0414	174.01	9.7748	15.296	0.020575	vapor
384.72	0.88698	30.529	0.032755	467.43	496.48	1.9428	0.92195	1.0416	174.09	9.7536	15.305	0.020594	vapor
384.96	0.88698	30.504	0.032783	467.66	496.73	1.9434	0.92228	1.0419	174.17	9.7324	15.315	0.020613	vapor
385.21	0.88698	30.479	0.032810	467.89	496.99	1.9441	0.92260	1.0421	174.25	9.7113	15.325	0.020632	vapor
385.45	0.88698	30.454	0.032837	468.12	497.24	1.9447	0.92292	1.0423	174.33	9.6903	15.334	0.020651	vapor
385.69	0.88698	30.429	0.032864	468.35	497.49	1.9454	0.92324	1.0425	174.41	9.6694	15.344	0.020670	vapor
385.94	0.88698	30.404	0.032891	468.57	497.75	1.9460	0.92356	1.0427	174.49	9.6485	15.354	0.020689	vapor
386.18	0.88698	30.379	0.032918	468.80	498.00	1.9467	0.92389	1.0429	174.56	9.6277	15.363	0.020708	vapor
386.42	0.88698	30.354	0.032945	469.03	498.26	1.9474	0.92421	1.0432	174.64	9.6069	15.373	0.020727	vapor
386.67	0.88698	30.329	0.032972	469.26	498.51	1.9480	0.92453	1.0434	174.72	9.5863	15.382	0.020747	vapor
386.91	0.88698	30.304	0.032999	469.49	498.76	1.9487	0.92485	1.0436	174.80	9.5656	15.392	0.020766	vapor
387.15	0.88698	30.279	0.033026	469.72	499.02	1.9493	0.92518	1.0438	174.88	9.5451	15.402	0.020785	vapor
387.40	0.88698	30.255	0.033053	469.95	499.27	1.9500	0.92550	1.0440	174.95	9.5246	15.411	0.020804	vapor
387.64	0.88698	30.230	0.033080	470.18	499.52	1.9506	0.92582	1.0442	175.03	9.5042	15.421	0.020823	vapor
387.88	0.88698	30.205	0.033107	470.41	499.78	1.9513	0.92615	1.0445	175.11	9.4839	15.430	0.020842	vapor
388.12	0.88698	30.181	0.033134	470.64	500.03	1.9519	0.92647	1.0447	175.19	9.4636	15.440	0.020861	vapor
388.37	0.88698	30.156	0.033161	470.87	500.29	1.9526	0.92679	1.0449	175.26	9.4433	15.450	0.020880	vapor
388.61	0.88698	30.132	0.033188	471.10	500.54	1.9532	0.92712	1.0451	175.34	9.4232	15.459	0.020899	vapor
388.85	0.88698	30.107	0.033215	471.33	500.79	1.9539	0.92744	1.0454	175.42	9.4031	15.469	0.020918	vapor
389.10	0.88698	30.083	0.033241	471.56	501.05	1.9546	0.92777	1.0456	175.50	9.3831	15.478	0.020937	vapor
389.34	0.88698	30.059	0.033268	471.79	501.30	1.9552	0.92809	1.0458	175.57	9.3631	15.488	0.020956	vapor
389.58	0.88698	30.034	0.033295	472.02	501.56	1.9559	0.92842	1.0460	175.65	9.3432	15.498	0.020975	vapor
389.83	0.88698	30.010	0.033322	472.25	501.81	1.9565	0.92874	1.0463	175.73	9.3234	15.507	0.020994	vapor
390.07	0.88698	29.986	0.033349	472.48	502.06	1.9572	0.92907	1.0465	175.80	9.3036	15.517	0.021013	vapor
390.31	0.88698	29.962	0.033376	472.72	502.32	1.9578	0.92939	1.0467	175.88	9.2839	15.526	0.021032	vapor
390.56	0.88698	29.938	0.033403	472.95	502.57	1.9585	0.92972	1.0469	175.96	9.2642	15.536	0.021051	vapor
390.80	0.88698	29.914	0.033429	473.18	502.83	1.9591	0.93004	1.0472	176.03	9.2446	15.545	0.021070	vapor
391.04	0.88698	29.890	0.033456	473.41	503.08	1.9598	0.93037	1.0474	176.11	9.2251	15.555	0.021089	vapor
391.28	0.88698	29.866	0.033483	473.64	503.34	1.9604	0.93070	1.0476	176.19	9.2056	15.565	0.021108	vapor
391.53	0.88698	29.842	0.033510	473.87	503.59	1.9611	0.93102	1.0479	176.26	9.1862	15.574	0.021128	vapor
391.77	0.88698	29.818	0.033537	474.10	503.85	1.9617	0.93135	1.0481	176.34	9.1669	15.584	0.021147	vapor
392.01	0.88698	29.794	0.033563	474.33	504.10	1.9624	0.93168	1.0483	176.42	9.1476	15.593	0.021166	vapor
392.26	0.88698	29.771	0.033590	474.56	504.36	1.9630	0.93200	1.0485	176.49	9.1283	15.603	0.021185	vapor
392.50	0.88698	29.747	0.033617	474.79	504.61	1.9637	0.93233	1.0488	176.57	9.1092	15.612	0.021204	vapor
392.74	0.88698	29.723	0.033644	475.03	504.87	1.9643	0.93266	1.0490	176.64	9.0901	15.622	0.021223	vapor
392.99	0.88698	29.700	0.033670	475.26	505.12	1.9650	0.93298	1.0492	176.72	9.0710	15.632	0.021242	vapor
393.23	0.88698	29.676	0.033697	475.49	505.38	1.9656	0.93331	1.0495	176.80	9.0520	15.641	0.021261	vapor
393.47	0.88698	29.653	0.033724	475.72	505.63	1.9663	0.93364	1.0497	176.87	9.0331	15.651	0.021280	vapor
393.72	0.88698	29.629	0.033750	475.95	505.89	1.9669	0.93397	1.0499	176.95	9.0142	15.660	0.021299	vapor
393.96	0.88698	29.606	0.033777	476.18	506.14	1.9676	0.93429	1.0502	177.02	8.9954	15.670	0.021318	vapor
394.20	0.88698	29.582	0.033804	476.41	506.40	1.9682	0.93462	1.0504	177.10	8.9767	15.679	0.021337	vapor
394.44	0.88698	29.559	0.033830	476.65	506.65	1.9689	0.93495	1.0507	177.17	8.9580	15.689	0.021356	vapor
394.69	0.88698	29.536	0.033857	476.88	506.91	1.9695	0.93528	1.0509	177.25	8.9393	15.698	0.021376	vapor
394.93	0.88698	29.513	0.033884	477.11	507.16	1.9702	0.93561	1.0511	177.33	8.9208	15.708	0.021395	vapor
395.17	0.88698	29.490	0.033910	477.34	507.42	1.9708	0.93594	1.0514	177.40	8.9022	15.718	0.021414	vapor
395.42	0.88698	29.466	0.033937	477.57	507.67	1.9714	0.93627	1.0516	177.48	8.8838	15.727	0.021433	vapor
395.66	0.88698	29.443	0.033964	477.81	507.93	1.9721	0.93659	1.0518	177.55	8.8653	15.737	0.021452	vapor
395.90	0.88698	29.420	0.033990	478.04	508.19	1.9727	0.93692	1.0521	177.63	8.8470	15.746	0.021471	vapor
396.15	0.88698	29.397	0.034017	478.27	508.44	1.9734	0.93725	1.0523	177.70	8.8287	15.756	0.021490	vapor
396.39	0.88698	29.374	0.034043	478.50	508.70	1.9740	0.93758	1.0526	177.78	8.8105	15.765	0.021509	vapor
396.63	0.88698	29.351	0.034070	478.73	508.95	1.9747	0.93791	1.0528	177.85	8.7923	15.775	0.021528	vapor
396.88	0.88698	29.329	0.034096	478.97	509.21	1.9753	0.93824	1.0530	177.93	8.7741	15.784	0.021547	vapor
397.12	0.88698	29.306	0.034123	479.20	509.47	1.9760	0.93857	1.0533	178.00	8.7561	15.794	0.021566	vapor
397.36	0.88698	29.283	0.034149	479.43	509.72	1.9766	0.93890	1.0535	178.08	8.7380	15.803	0.021586	vapor
397.60	0.88698	29.260	0.034176	479.66	509.98	1.9773	0.93923	1.0538	178.15	8.7201	15.813	0.021605	vapor
397.85	0.88698	29.238	0.034202	479.90	510.23	1.9779	0.93956	1.0540	178.22	8.7022	15.822	0.021624	vapor
398.09	0.88698	29.215	0.034229	480.13	510.49	1.9785	0.93989	1.0543	178.30	8.6843	15.832	0.021643	vapor
398.33	0.88698	29.192	0.034255	480.36	510.75	1.9792	0.94022	1.0545	178.37	8.6665	15.841	0.021662	vapor
398.58	0.88698	29.170	0.034282	480.60	511.00	1.9798	0.94055	1.0548	178.45	8.6488	15.851	0.021681	vapor
398.82	0.88698	29.147	0.034308	480.83	511.26	1.9805	0.94088	1.0550	178.52	8.6311	15.861	0.021700	vapor
399.06	0.88698	29.125	0.034335	481.06	511.52	1.9811	0.94122	1.0552	178.60	8.6134	15.870	0.021719	vapor
399.31	0.88698	29.102	0.034361	481.29	511.77	1.9818	0.94155	1.0555	178.67	8.5958	15.880	0.021738	vapor
399.55	0.88698	29.080	0.034388	481.53	512.03	1.9824	0.94188	1.0557	178.74	8.5783	15.889	0.021758	vapor
399.79	0.88698	29.058	0.034414	481.76	512.29	1.9830	0.94221	1.0560	178.82	8.5608	15.899	0.021777	vapor
400.04	0.88698	29.035	0.034441	481.99	512.54	1.9837	0.94254	1.0562	178.89	8.5434	15.908	0.021796	vapor
400.28	0.88698	29.013	0.034467	482.23	512.80	1.9843	0.94287	1.0565	178.97	8.5260	15.918	0.021815	vapor
400.52	0.88698	28.991	0.034493	482.46	513.06	1.9850	0.94320	1.0567	179.04	8.5087	15.927	0.021834	vapor
400.76	0.88698	28.969	0.034520	482.69	513.31	1.9856	0.94354	1.0570	179.11	8.4914	15.937	0.021853	vapor
401.01	0.88698	28.947	0.034546	482.93	513.57	1.9863	0.94387	1.0572	179.19	8.4742	15.946	0.021872	vapor
401.25	0.88698	28.925	0.034573	483.16	513.83	1.9869	0.94420	1.0575	179.26	8.4570	15.956	0.021891	vapor
401.49	0.88698	28.903	0.034599	483.40	514.08	1.9875	0.94453	1.0577	179.33	8.4399	15.965	0.021910	vapor
401.74	0.88698	28.881	0.034625	483.63	514.34	1.9882	0.94486	1.0580	179.41	8.4228	15.975	0.021930	vapor
401.98	0.88698	28.859	0.034652	483.86	514.60	1.9888	0.94520	1.0582	179.48	8.4058	15.984	0.021949	vapor
402.22	0.88698	28.837	0.034678	484.10	514.86	1.9895	0.94553	1.0585	179.55	8.3889	15.994	0.021968	vapor
402.47	0.88698	28.815	0.034704	484.33	515.11	1.9901	0.94586	1.0587	179.63	8.3719	16.003	0.021987	vapor
402.71	0.88698	28.793	0.034731	484.56	515.37	1.9907	0.94619	1.0590	179.70	8.3551	16.013	0.022006	vapor
402.95	0.88698	28.771	0.034757	484.80	515.63	1.9914	0.94653	1.0592	179.77	8.3383	16.022	0.022025	vapor
403.20	0.88698	28.750	0.034783	485.03	515.89	1.9920	0.94686	1.0595	179.85	8.3215	16.032	0.022044	vapor
403.44	0.88698	28.728	0.034809	485.27	516.14	1.9927	0.94719	1.0598	179.92	8.3048	16.041	0.022063	vapor
403.68	0.88698	28.706	0.034836	485.50	516.40	1.9933	0.94753	1.0600	179.99	8.2881	16.051	0.022083	vapor
403.92	0.88698	28.685	0.034862	485.74	516.66	1.9939	0.94786	1.0603	180.06	8.2715	16.060	0.022102	vapor
404.17	0.88698	28.663	0.034888	485.97	516.92	1.9946	0.94819	1.0605	180.14	8.2549	16.070	0.022121	vapor
404.41	0.88698	28.641	0.034914	486.21	517.17	1.9952	0.94853	1.0608	180.21	8.2384	16.079	0.022140	vapor
404.65	0.88698	28.620	0.034941	486.44	517.43	1.9958	0.94886	1.0610	180.28	8.2219	16.088	0.022159	vapor
404.90	0.88698	28.598	0.034967	486.67	517.69	1.9965	0.94920	1.0613	180.35	8.2055	16.098	0.022178	vapor
405.14	0.88698	28.577	0.034993	486.91	517.95	1.9971	0.94953	1.0615	180.43	8.1891	16.107	0.022197	vapor
405.38	0.88698	28.556	0.035019	487.14	518.21	1.9978	0.94986	1.0618	180.50	8.1728	16.117	0.022217	vapor
405.63	0.88698	28.534	0.035046	487.38	518.46	1.9984	0.95020	1.0621	180.57	8.1565	16.126	0.022236	vapor
405.87	0.88698	28.513	0.035072	487.61	518.72	1.9990	0.95053	1.0623	180.64	8.1403	16.136	0.022255	vapor
406.11	0.88698	28.492	0.035098	487.85	518.98	1.9997	0.95087	1.0626	180.72	8.1241	16.145	0.022274	vapor
406.36	0.88698	28.471	0.035124	488.08	519.24	2.0003	0.95120	1.0628	180.79	8.1080	16.155	0.022293	vapor
406.60	0.88698	28.449	0.035150	488.32	519.50	2.0009	0.95154	1.0631	180.86	8.0919	16.164	0.022312	vapor
406.84	0.88698	28.428	0.035176	488.55	519.76	2.0016	0.95187	1.0634	180.93	8.0759	16.174	0.022331	vapor
407.08	0.88698	28.407	0.035203	488.79	520.01	2.0022	0.95220	1.0636	181.00	8.0599	16.183	0.022351	vapor
407.33	0.88698	28.386	0.035229	489.03	520.27	2.0028	0.95254	1.0639	181.08	8.0439	16.193	0.022370	vapor
407.57	0.88698	28.365	0.035255	489.26	520.53	2.0035	0.95287	1.0641	181.15	8.0280	16.202	0.022389	vapor
407.81	0.88698	28.344	0.035281	489.50	520.79	2.0041	0.95321	1.0644	181.22	8.0122	16.212	0.022408	vapor
408.06	0.88698	28.323	0.035307	489.73	521.05	2.0047	0.95354	1.0647	181.29	7.9964	16.221	0.022427	vapor
408.30	0.88698	28.302	0.035333	489.97	521.31	2.0054	0.95388	1.0649	181.36	7.9806	16.230	0.022446	vapor
408.54	0.88698	28.281	0.035359	490.20	521.57	2.0060	0.95422	1.0652	181.43	7.9649	16.240	0.022465	vapor
408.79	0.88698	28.260	0.035385	490.44	521.83	2.0066	0.95455	1.0655	181.51	7.9492	16.249	0.022485	vapor
409.03	0.88698	28.240	0.035411	490.68	522.08	2.0073	0.95489	1.0657	181.58	7.9336	16.259	0.022504	vapor
409.27	0.88698	28.219	0.035437	490.91	522.34	2.0079	0.95522	1.0660	181.65	7.9180	16.268	0.022523	vapor
409.52	0.88698	28.198	0.035463	491.15	522.60	2.0085	0.95556	1.0662	181.72	7.9025	16.278	0.022542	vapor
409.76	0.88698	28.177	0.035490	491.38	522.86	2.0092	0.95589	1.0665	181.79	7.8870	16.287	0.022561	vapor
410.00	0.88698	28.157	0.035516	491.62	523.12	2.0098	0.95623	1.0668	181.86	7.8715	16.297	0.022580	vapor
410.25	0.88698	28.136	0.035542	491.86	523.38	2.0104	0.95657	1.0670	181.93	7.8561	16.306	0.022600	vapor
410.49	0.88698	28.115	0.035568	492.09	523.64	2.0111	0.95690	1.0673	182.00	7.8408	16.316	0.022619	vapor
410.73	0.88698	28.095	0.035594	492.33	523.90	2.0117	0.95724	1.0676	182.08	7.8255	16.325	0.022638	vapor
410.97	0.88698	28.074	0.035620	492.56	524.16	2.0123	0.95757	1.0678	182.15	7.8102	16.334	0.022657	vapor
411.22	0.88698	28.054	0.035646	492.80	524.42	2.0130	0.95791	1.0681	182.22	7.7950	16.344	0.022676	vapor
411.46	0.88698	28.033	0.035672	493.04	524.68	2.0136	0.95825	1.0684	182.29	7.7798	16.353	0.022695	vapor
411.70	0.88698	28.013	0.035698	493.27	524.94	2.0142	0.95858	1.0686	182.36	7.7646	16.363	0.022715	vapor
411.95	0.88698	27.993	0.035724	493.51	525.20	2.0149	0.95892	1.0689	182.43	7.7495	16.372	0.022734	vapor
412.19	0.88698	27.972	0.035750	493.75	525.46	2.0155	0.95926	1.0692	182.50	7.7345	16.382	0.022753	vapor
412.43	0.88698	27.952	0.035775	493.99	525.72	2.0161	0.95959	1.0694	182.57	7.7195	16.391	0.022772	vapor
412.68	0.88698	27.932	0.035801	494.22	525.98	2.0168	0.95993	1.0697	182.64	7.7045	16.400	0.022791	vapor
412.92	0.88698	27.912	0.035827	494.46	526.24	2.0174	0.96027	1.0700	182.71	7.6896	16.410	0.022810	vapor
413.16	0.88698	27.891	0.035853	494.70	526.50	2.0180	0.96061	1.0702	182.78	7.6747	16.419	0.022830	vapor
413.41	0.88698	27.871	0.035879	494.93	526.76	2.0186	0.96094	1.0705	182.85	7.6599	16.429	0.022849	vapor
413.65	0.88698	27.851	0.035905	495.17	527.02	2.0193	0.96128	1.0708	182.92	7.6451	16.438	0.022868	vapor
413.89	0.88698	27.831	0.035931	495.41	527.28	2.0199	0.96162	1.0711	182.99	7.6303	16.448	0.022887	vapor
414.13	0.88698	27.811	0.035957	495.65	527.54	2.0205	0.96195	1.0713	183.06	7.6156	16.457	0.022906	vapor
414.38	0.88698	27.791	0.035983	495.88	527.80	2.0212	0.96229	1.0716	183.13	7.6009	16.466	0.022925	vapor
414.62	0.88698	27.771	0.036009	496.12	528.06	2.0218	0.96263	1.0719	183.20	7.5863	16.476	0.022945	vapor
414.86	0.88698	27.751	0.036035	496.36	528.32	2.0224	0.96297	1.0721	183.27	7.5717	16.485	0.022964	vapor
415.11	0.88698	27.731	0.036060	496.60	528.58	2.0230	0.96331	1.0724	183.34	7.5571	16.495	0.022983	vapor
415.35	0.88698	27.711	0.036086	496.83	528.84	2.0237	0.96364	1.0727	183.41	7.5426	16.504	0.023002	vapor
415.59	0.88698	27.691	0.036112	497.07	529.10	2.0243	0.96398	1.0730	183.48	7.5282	16.514	0.023021	vapor
415.84	0.88698	27.672	0.036138	497.31	529.36	2.0249	0.96432	1.0732	183.55	7.5137	16.523	0.023040	vapor
416.08	0.88698	27.652	0.036164	497.55	529.62	2.0256	0.96466	1.0735	183.62	7.4994	16.532	0.023060	vapor
416.32	0.88698	27.632	0.036190	497.79	529.89	2.0262	0.96500	1.0738	183.69	7.4850	16.542	0.023079	vapor
416.57	0.88698	27.612	0.036215	498.02	530.15	2.0268	0.96533	1.0741	183.76	7.4707	16.551	0.023098	vapor
416.81	0.88698	27.593	0.036241	498.26	530.41	2.0274	0.96567	1.0743	183.83	7.4564	16.561	0.023117	vapor
417.05	0.88698	27.573	0.036267	498.50	530.67	2.0281	0.96601	1.0746	183.90	7.4422	16.570	0.023136	vapor
417.29	0.88698	27.554	0.036293	498.74	530.93	2.0287	0.96635	1.0749	183.97	7.4280	16.579	0.023156	vapor
417.54	0.88698	27.534	0.036319	498.98	531.19	2.0293	0.96669	1.0752	184.04	7.4139	16.589	0.023175	vapor
417.78	0.88698	27.514	0.036344	499.22	531.45	2.0299	0.96703	1.0754	184.11	7.3998	16.598	0.023194	vapor
418.02	0.88698	27.495	0.036370	499.45	531.71	2.0306	0.96736	1.0757	184.18	7.3857	16.608	0.023213	vapor
418.27	0.88698	27.476	0.036396	499.69	531.98	2.0312	0.96770	1.0760	184.25	7.3717	16.617	0.023232	vapor
418.51	0.88698	27.456	0.036422	499.93	532.24	2.0318	0.96804	1.0763	184.32	7.3577	16.626	0.023252	vapor
418.75	0.88698	27.437	0.036448	500.17	532.50	2.0324	0.96838	1.0765	184.39	7.3437	16.636	0.023271	vapor
419.00	0.88698	27.417	0.036473	500.41	532.76	2.0331	0.96872	1.0768	184.45	7.3298	16.645	0.023290	vapor
419.24	0.88698	27.398	0.036499	500.65	533.02	2.0337	0.96906	1.0771	184.52	7.3159	16.655	0.023309	vapor
419.48	0.88698	27.379	0.036525	500.89	533.28	2.0343	0.96940	1.0774	184.59	7.3021	16.664	0.023328	vapor
419.73	0.88698	27.359	0.036550	501.13	533.55	2.0349	0.96974	1.0776	184.66	7.2883	16.673	0.023347	vapor
419.97	0.88698	27.340	0.036576	501.37	533.81	2.0356	0.97008	1.0779	184.73	7.2746	16.683	0.023367	vapor
420.21	0.88698	27.321	0.036602	501.61	534.07	2.0362	0.97041	1.0782	184.80	7.2608	16.692	0.023386	vapor
420.45	0.88698	27.302	0.036628	501.84	534.33	2.0368	0.97075	1.0785	184.87	7.2472	16.701	0.023405	vapor
420.70	0.88698	27.283	0.036653	502.08	534.59	2.0374	0.97109	1.0788	184.94	7.2335	16.711	0.023424	vapor
420.94	0.88698	27.264	0.036679	502.32	534.86	2.0381	0.97143	1.0790	185.01	7.2199	16.720	0.023443	vapor
421.18	0.88698	27.245	0.036705	502.56	535.12	2.0387	0.97177	1.0793	185.07	7.2063	16.730	0.023463	vapor
421.43	0.88698	27.225	0.036730	502.80	535.38	2.0393	0.97211	1.0796	185.14	7.1928	16.739	0.023482	vapor
421.67	0.88698	27.206	0.036756	503.04	535.64	2.0399	0.97245	1.0799	185.21	7.1793	16.748	0.023501	vapor
421.91	0.88698	27.187	0.036782	503.28	535.91	2.0405	0.97279	1.0802	185.28	7.1658	16.758	0.023520	vapor
422.16	0.88698	27.169	0.036807	503.52	536.17	2.0412	0.97313	1.0804	185.35	7.1524	16.767	0.023539	vapor
422.40	0.88698	27.150	0.036833	503.76	536.43	2.0418	0.97347	1.0807	185.42	7.1390	16.777	0.023559	vapor
422.64	0.88698	27.131	0.036859	504.00	536.69	2.0424	0.97381	1.0810	185.48	7.1257	16.786	0.023578	vapor
422.89	0.88698	27.112	0.036884	504.24	536.96	2.0430	0.97415	1.0813	185.55	7.1124	16.795	0.023597	vapor
423.13	0.88698	27.093	0.036910	504.48	537.22	2.0437	0.97449	1.0816	185.62	7.0991	16.805	0.023616	vapor
423.37	0.88698	27.074	0.036935	504.72	537.48	2.0443	0.97483	1.0818	185.69	7.0859	16.814	0.023635	vapor
423.61	0.88698	27.056	0.036961	504.96	537.75	2.0449	0.97517	1.0821	185.76	7.0727	16.823	0.023655	vapor
423.86	0.88698	27.037	0.036987	505.20	538.01	2.0455	0.97551	1.0824	185.82	7.0595	16.833	0.023674	vapor
424.10	0.88698	27.018	0.037012	505.44	538.27	2.0461	0.97585	1.0827	185.89	7.0464	16.842	0.023693	vapor
424.34	0.88698	26.999	0.037038	505.68	538.54	2.0468	0.97619	1.0830	185.96	7.0333	16.851	0.023712	vapor
424.59	0.88698	26.981	0.037063	505.92	538.80	2.0474	0.97653	1.0833	186.03	7.0202	16.861	0.023732	vapor
424.83	0.88698	26.962	0.037089	506.17	539.06	2.0480	0.97687	1.0835	186.10	7.0072	16.870	0.023751	vapor
425.07	0.88698	26.944	0.037114	506.41	539.33	2.0486	0.97721	1.0838	186.16	6.9942	16.880	0.023770	vapor
425.32	0.88698	26.925	0.037140	506.65	539.59	2.0492	0.97755	1.0841	186.23	6.9812	16.889	0.023789	vapor
425.56	0.88698	26.907	0.037166	506.89	539.85	2.0499	0.97789	1.0844	186.30	6.9683	16.898	0.023808	vapor
425.80	0.88698	26.888	0.037191	507.13	540.12	2.0505	0.97823	1.0847	186.37	6.9554	16.908	0.023828	vapor
426.05	0.88698	26.870	0.037217	507.37	540.38	2.0511	0.97858	1.0850	186.43	6.9426	16.917	0.023847	vapor
426.29	0.88698	26.851	0.037242	507.61	540.64	2.0517	0.97892	1.0852	186.50	6.9298	16.926	0.023866	vapor
426.53	0.88698	26.833	0.037268	507.85	540.91	2.0523	0.97926	1.0855	186.57	6.9170	16.936	0.023885	vapor
426.77	0.88698	26.815	0.037293	508.09	541.17	2.0530	0.97960	1.0858	186.64	6.9042	16.945	0.023904	vapor
427.02	0.88698	26.796	0.037319	508.33	541.44	2.0536	0.97994	1.0861	186.70	6.8915	16.954	0.023924	vapor
427.26	0.88698	26.778	0.037344	508.58	541.70	2.0542	0.98028	1.0864	186.77	6.8788	16.964	0.023943	vapor
427.50	0.88698	26.760	0.037370	508.82	541.96	2.0548	0.98062	1.0867	186.84	6.8662	16.973	0.023962	vapor
427.75	0.88698	26.741	0.037395	509.06	542.23	2.0554	0.98096	1.0870	186.91	6.8536	16.982	0.023981	vapor
427.99	0.88698	26.723	0.037421	509.30	542.49	2.0560	0.98130	1.0872	186.97	6.8410	16.992	0.024001	vapor
428.23	0.88698	26.705	0.037446	509.54	542.76	2.0567	0.98164	1.0875	187.04	6.8285	17.001	0.024020	vapor
428.48	0.88698	26.687	0.037472	509.78	543.02	2.0573	0.98198	1.0878	187.11	6.8160	17.010	0.024039	vapor
428.72	0.88698	26.669	0.037497	510.03	543.29	2.0579	0.98233	1.0881	187.17	6.8035	17.020	0.024058	vapor
428.96	0.88698	26.651	0.037523	510.27	543.55	2.0585	0.98267	1.0884	187.24	6.7910	17.029	0.024077	vapor
429.21	0.88698	26.633	0.037548	510.51	543.81	2.0591	0.98301	1.0887	187.31	6.7786	17.038	0.024097	vapor
429.45	0.88698	26.615	0.037573	510.75	544.08	2.0597	0.98335	1.0890	187.37	6.7663	17.048	0.024116	vapor
429.69	0.88698	26.597	0.037599	510.99	544.34	2.0604	0.98369	1.0893	187.44	6.7539	17.057	0.024135	vapor
429.93	0.88698	26.579	0.037624	511.24	544.61	2.0610	0.98403	1.0895	187.51	6.7416	17.066	0.024154	vapor
430.18	0.88698	26.561	0.037650	511.48	544.87	2.0616	0.98437	1.0898	187.57	6.7293	17.076	0.024174	vapor
430.42	0.88698	26.543	0.037675	511.72	545.14	2.0622	0.98472	1.0901	187.64	6.7171	17.085	0.024193	vapor
430.66	0.88698	26.525	0.037701	511.96	545.40	2.0628	0.98506	1.0904	187.71	6.7049	17.094	0.024212	vapor
430.91	0.88698	26.507	0.037726	512.21	545.67	2.0634	0.98540	1.0907	187.77	6.6927	17.104	0.024231	vapor
431.15	0.88698	26.489	0.037751	512.45	545.93	2.0641	0.98574	1.0910	187.84	6.6805	17.113	0.024250	vapor
431.39	0.88698	26.471	0.037777	512.69	546.20	2.0647	0.98608	1.0913	187.91	6.6684	17.122	0.024270	vapor
431.64	0.88698	26.454	0.037802	512.93	546.46	2.0653	0.98642	1.0916	187.97	6.6563	17.132	0.024289	vapor
431.88	0.88698	26.436	0.037828	513.18	546.73	2.0659	0.98677	1.0919	188.04	6.6443	17.141	0.024308	vapor
432.12	0.88698	26.418	0.037853	513.42	547.00	2.0665	0.98711	1.0921	188.11	6.6323	17.150	0.024327	vapor
432.37	0.88698	26.400	0.037878	513.66	547.26	2.0671	0.98745	1.0924	188.17	6.6203	17.160	0.024347	vapor
432.61	0.88698	26.383	0.037904	513.91	547.53	2.0677	0.98779	1.0927	188.24	6.6083	17.169	0.024366	vapor
432.85	0.88698	26.365	0.037929	514.15	547.79	2.0684	0.98813	1.0930	188.30	6.5964	17.178	0.024385	vapor
433.09	0.88698	26.347	0.037954	514.39	548.06	2.0690	0.98848	1.0933	188.37	6.5845	17.188	0.024404	vapor
433.34	0.88698	26.330	0.037980	514.64	548.32	2.0696	0.98882	1.0936	188.44	6.5726	17.197	0.024424	vapor
433.58	0.88698	26.312	0.038005	514.88	548.59	2.0702	0.98916	1.0939	188.50	6.5608	17.206	0.024443	vapor
433.82	0.88698	26.295	0.038030	515.12	548.86	2.0708	0.98950	1.0942	188.57	6.5490	17.216	0.024462	vapor
434.07	0.88698	26.277	0.038056	515.37	549.12	2.0714	0.98984	1.0945	188.63	6.5372	17.225	0.024481	vapor
434.31	0.88698	26.260	0.038081	515.61	549.39	2.0720	0.99019	1.0948	188.70	6.5255	17.234	0.024500	vapor
434.55	0.88698	26.242	0.038106	515.85	549.65	2.0727	0.99053	1.0951	188.77	6.5138	17.244	0.024520	vapor
434.80	0.88698	26.225	0.038132	516.10	549.92	2.0733	0.99087	1.0954	188.83	6.5021	17.253	0.024539	vapor
435.04	0.88698	26.208	0.038157	516.34	550.19	2.0739	0.99121	1.0957	188.90	6.4905	17.262	0.024558	vapor
435.28	0.88698	26.190	0.038182	516.59	550.45	2.0745	0.99155	1.0959	188.96	6.4788	17.271	0.024577	vapor
435.53	0.88698	26.173	0.038207	516.83	550.72	2.0751	0.99190	1.0962	189.03	6.4672	17.281	0.024597	vapor
435.77	0.88698	26.156	0.038233	517.07	550.99	2.0757	0.99224	1.0965	189.09	6.4557	17.290	0.024616	vapor
436.01	0.88698	26.138	0.038258	517.32	551.25	2.0763	0.99258	1.0968	189.16	6.4442	17.299	0.024635	vapor
436.25	0.88698	26.121	0.038283	517.56	551.52	2.0769	0.99292	1.0971	189.23	6.4327	17.309	0.024654	vapor
436.50	0.88698	26.104	0.038309	517.81	551.79	2.0775	0.99327	1.0974	189.29	6.4212	17.318	0.024674	vapor
436.74	0.88698	26.087	0.038334	518.05	552.05	2.0782	0.99361	1.0977	189.36	6.4098	17.327	0.024693	vapor
436.98	0.88698	26.069	0.038359	518.30	552.32	2.0788	0.99395	1.0980	189.42	6.3984	17.337	0.024712	vapor
437.23	0.88698	26.052	0.038384	518.54	552.59	2.0794	0.99429	1.0983	189.49	6.3870	17.346	0.024731	vapor
437.47	0.88698	26.035	0.038409	518.78	552.85	2.0800	0.99464	1.0986	189.55	6.3756	17.355	0.024751	vapor
437.71	0.88698	26.018	0.038435	519.03	553.12	2.0806	0.99498	1.0989	189.62	6.3643	17.364	0.024770	vapor
437.96	0.88698	26.001	0.038460	519.27	553.39	2.0812	0.99532	1.0992	189.68	6.3530	17.374	0.024789	vapor
438.20	0.88698	25.984	0.038485	519.52	553.65	2.0818	0.99567	1.0995	189.75	6.3418	17.383	0.024808	vapor
438.44	0.88698	25.967	0.038510	519.76	553.92	2.0824	0.99601	1.0998	189.81	6.3305	17.392	0.024828	vapor
438.69	0.88698	25.950	0.038536	520.01	554.19	2.0830	0.99635	1.1001	189.88	6.3193	17.402	0.024847	vapor
438.93	0.88698	25.933	0.038561	520.25	554.46	2.0836	0.99669	1.1004	189.94	6.3081	17.411	0.024866	vapor
439.17	0.88698	25.916	0.038586	520.50	554.72	2.0843	0.99704	1.1007	190.01	6.2970	17.420	0.024885	vapor
439.42	0.88698	25.899	0.038611	520.74	554.99	2.0849	0.99738	1.1010	190.07	6.2859	17.430	0.024905	vapor
439.66	0.88698	25.882	0.038636	520.99	555.26	2.0855	0.99772	1.1013	190.14	6.2748	17.439	0.024924	vapor
439.90	0.88698	25.865	0.038662	521.24	555.53	2.0861	0.99806	1.1015	190.20	6.2637	17.448	0.024943	vapor
440.14	0.88698	25.849	0.038687	521.48	555.79	2.0867	0.99841	1.1018	190.27	6.2527	17.457	0.024962	vapor
440.39	0.88698	25.832	0.038712	521.73	556.06	2.0873	0.99875	1.1021	190.33	6.2417	17.467	0.024982	vapor
440.63	0.88698	25.815	0.038737	521.97	556.33	2.0879	0.99909	1.1024	190.40	6.2307	17.476	0.025001	vapor
440.87	0.88698	25.798	0.038762	522.22	556.60	2.0885	0.99944	1.1027	190.46	6.2198	17.485	0.025020	vapor
441.12	0.88698	25.782	0.038787	522.46	556.87	2.0891	0.99978	1.1030	190.53	6.2088	17.494	0.025039	vapor
441.36	0.88698	25.765	0.038813	522.71	557.13	2.0897	1.0001	1.1033	190.59	6.1980	17.504	0.025059	vapor
441.60	0.88698	25.748	0.038838	522.96	557.40	2.0903	1.0005	1.1036	190.66	6.1871	17.513	0.025078	vapor
441.85	0.88698	25.732	0.038863	523.20	557.67	2.0909	1.0008	1.1039	190.72	6.1763	17.522	0.025097	vapor
442.09	0.88698	25.715	0.038888	523.45	557.94	2.0916	1.0012	1.1042	190.78	6.1654	17.532	0.025116	vapor
442.33	0.88698	25.698	0.038913	523.69	558.21	2.0922	1.0015	1.1045	190.85	6.1547	17.541	0.025136	vapor
442.58	0.88698	25.682	0.038938	523.94	558.48	2.0928	1.0018	1.1048	190.91	6.1439	17.550	0.025155	vapor
442.82	0.88698	25.665	0.038963	524.19	558.75	2.0934	1.0022	1.1051	190.98	6.1332	17.559	0.025174	vapor
443.06	0.88698	25.649	0.038988	524.43	559.01	2.0940	1.0025	1.1054	191.04	6.1225	17.569	0.025193	vapor
443.30	0.88698	25.632	0.039013	524.68	559.28	2.0946	1.0029	1.1057	191.11	6.1118	17.578	0.025213	vapor
443.55	0.88698	25.616	0.039039	524.93	559.55	2.0952	1.0032	1.1060	191.17	6.1012	17.587	0.025232	vapor
443.79	0.88698	25.599	0.039064	525.17	559.82	2.0958	1.0036	1.1063	191.23	6.0905	17.596	0.025251	vapor
444.03	0.88698	25.583	0.039089	525.42	560.09	2.0964	1.0039	1.1066	191.30	6.0800	17.606	0.025270	vapor
444.28	0.88698	25.566	0.039114	525.67	560.36	2.0970	1.0042	1.1069	191.36	6.0694	17.615	0.025290	vapor
444.52	0.88698	25.550	0.039139	525.91	560.63	2.0976	1.0046	1.1072	191.43	6.0588	17.624	0.025309	vapor
444.76	0.88698	25.534	0.039164	526.16	560.90	2.0982	1.0049	1.1075	191.49	6.0483	17.634	0.025328	vapor
445.01	0.88698	25.517	0.039189	526.41	561.17	2.0988	1.0053	1.1078	191.55	6.0379	17.643	0.025347	vapor
445.25	0.88698	25.501	0.039214	526.65	561.44	2.0994	1.0056	1.1081	191.62	6.0274	17.652	0.025367	vapor
445.49	0.88698	25.485	0.039239	526.90	561.70	2.1000	1.0060	1.1084	191.68	6.0170	17.661	0.025386	vapor
445.74	0.88698	25.469	0.039264	527.15	561.97	2.1006	1.0063	1.1087	191.75	6.0065	17.671	0.025405	vapor
445.98	0.88698	25.452	0.039289	527.40	562.24	2.1012	1.0066	1.1090	191.81	5.9962	17.680	0.025424	vapor
446.22	0.88698	25.436	0.039314	527.64	562.51	2.1019	1.0070	1.1093	191.87	5.9858	17.689	0.025444	vapor
446.46	0.88698	25.420	0.039339	527.89	562.78	2.1025	1.0073	1.1096	191.94	5.9755	17.698	0.025463	vapor
446.71	0.88698	25.404	0.039364	528.14	563.05	2.1031	1.0077	1.1099	192.00	5.9652	17.708	0.025482	vapor
446.95	0.88698	25.388	0.039389	528.39	563.32	2.1037	1.0080	1.1102	192.06	5.9549	17.717	0.025501	vapor
447.19	0.88698	25.371	0.039414	528.63	563.59	2.1043	1.0084	1.1105	192.13	5.9447	17.726	0.025521	vapor
447.44	0.88698	25.355	0.039439	528.88	563.86	2.1049	1.0087	1.1108	192.19	5.9344	17.735	0.025540	vapor
447.68	0.88698	25.339	0.039464	529.13	564.13	2.1055	1.0091	1.1111	192.25	5.9242	17.745	0.025559	vapor
447.92	0.88698	25.323	0.039489	529.38	564.40	2.1061	1.0094	1.1114	192.32	5.9140	17.754	0.025579	vapor
448.17	0.88698	25.307	0.039514	529.62	564.67	2.1067	1.0097	1.1117	192.38	5.9039	17.763	0.025598	vapor
448.41	0.88698	25.291	0.039539	529.87	564.94	2.1073	1.0101	1.1120	192.45	5.8938	17.772	0.025617	vapor
448.65	0.88698	25.275	0.039564	530.12	565.21	2.1079	1.0104	1.1123	192.51	5.8837	17.782	0.025636	vapor
448.90	0.88698	25.259	0.039589	530.37	565.48	2.1085	1.0108	1.1126	192.57	5.8736	17.791	0.025656	vapor
449.14	0.88698	25.243	0.039614	530.62	565.75	2.1091	1.0111	1.1129	192.64	5.8635	17.800	0.025675	vapor
449.38	0.88698	25.228	0.039639	530.87	566.03	2.1097	1.0115	1.1132	192.70	5.8535	17.809	0.025694	vapor
449.62	0.88698	25.212	0.039664	531.11	566.30	2.1103	1.0118	1.1135	192.76	5.8435	17.819	0.025713	vapor
449.87	0.88698	25.196	0.039689	531.36	566.57	2.1109	1.0121	1.1139	192.82	5.8335	17.828	0.025733	vapor
450.11	0.88698	25.180	0.039714	531.61	566.84	2.1115	1.0125	1.1142	192.89	5.8236	17.837	0.025752	vapor
450.35	0.88698	25.164	0.039739	531.86	567.11	2.1121	1.0128	1.1145	192.95	5.8137	17.846	0.025771	vapor
450.60	0.88698	25.148	0.039764	532.11	567.38	2.1127	1.0132	1.1148	193.01	5.8038	17.855	0.025790	vapor
450.84	0.88698	25.133	0.039789	532.36	567.65	2.1133	1.0135	1.1151	193.08	5.7939	17.865	0.025810	vapor
451.08	0.88698	25.117	0.039814	532.61	567.92	2.1139	1.0139	1.1154	193.14	5.7840	17.874	0.025829	vapor
451.33	0.88698	25.101	0.039839	532.86	568.19	2.1145	1.0142	1.1157	193.20	5.7742	17.883	0.025848	vapor
451.57	0.88698	25.085	0.039864	533.11	568.46	2.1151	1.0146	1.1160	193.27	5.7644	17.892	0.025868	vapor
451.81	0.88698	25.070	0.039889	533.35	568.74	2.1157	1.0149	1.1163	193.33	5.7546	17.902	0.025887	vapor
452.06	0.88698	25.054	0.039914	533.60	569.01	2.1163	1.0152	1.1166	193.39	5.7449	17.911	0.025906	vapor
452.30	0.88698	25.038	0.039939	533.85	569.28	2.1169	1.0156	1.1169	193.45	5.7351	17.920	0.025925	vapor
452.54	0.88698	25.023	0.039963	534.10	569.55	2.1175	1.0159	1.1172	193.52	5.7254	17.929	0.025945	vapor
452.78	0.88698	25.007	0.039988	534.35	569.82	2.1181	1.0163	1.1175	193.58	5.7157	17.939	0.025964	vapor
453.03	0.88698	24.992	0.040013	534.60	570.09	2.1187	1.0166	1.1178	193.64	5.7061	17.948	0.025983	vapor
453.27	0.88698	24.976	0.040038	534.85	570.36	2.1193	1.0170	1.1181	193.70	5.6964	17.957	0.026002	vapor
453.51	0.88698	24.961	0.040063	535.10	570.64	2.1199	1.0173	1.1184	193.77	5.6868	17.966	0.026022	vapor
453.76	0.88698	24.945	0.040088	535.35	570.91	2.1205	1.0176	1.1187	193.83	5.6772	17.975	0.026041	vapor
454.00	0.88698	24.930	0.040113	535.60	571.18	2.1211	1.0180	1.1190	193.89	5.6677	17.985	0.026060	vapor
